player_id,player_name,national_team_name,position,age,minutes,weighted_rating,market_value,market_value_currency,archetype_cluster,archetype,spatial_role,final_role,lateral_profile,vertical_profile,mobility_profile,role_confidence_pct,matches_with_position_data,total_position_points,weighted_mean_x,weighted_mean_y,weighted_x_std,weighted_y_std,spatial_spread,defensive_third_match_share,middle_third_match_share,attacking_third_match_share,right_wide_match_share,right_half_space_match_share,central_lane_match_share,left_half_space_match_share,left_wide_match_share,wide_lane_match_share,half_space_match_share,position_consistency_score,spatial_reliability,role_reason
576384,Kristoffer Ajer,Norway,D,28.3,480.0,6.8,19500000.0,EUR,1,Aerial Enforcer,Right Wide Centre-Back Lane,Aerial-Dominant Centre-Back,Right Half-Space,Deep Build-Up,Positionally Stable,87.88,5,421,33.5342,35.4475,2.6798,3.2399,4.2046,0.399,0.601,0.0,0.0,1.0,0.0,0.0,0.0,0.0,1.0,0.1921,1.0,"Statistical archetype: Aerial Enforcer | Spatial profile: Right Wide Centre-Back Lane | Mean position: X=33.5, Y=35.4 | Wide=0.00, Half-space=1.00, Central=0.00 | Spatial spread=4.20"
295339,Rami Rabia,Egypt,D,33.2,368.0,7.163043478260869,580000.0,EUR,1,Aerial Enforcer,Left Wide Centre-Back Lane,Aerial-Dominant Centre-Back,Left Half-Space,Deep Build-Up,Positionally Stable,87.1,5,361,32.564,64.5355,3.5749,4.9847,6.1341,0.2188,0.7812,0.0,0.0,0.0,0.2936,0.7064,0.0,0.0,0.7064,0.1402,1.0,"Statistical archetype: Aerial Enforcer | Spatial profile: Left Wide Centre-Back Lane | Mean position: X=32.6, Y=64.5 | Wide=0.00, Half-space=0.71, Central=0.29 | Spatial spread=6.13"
1413129,Luc De Fougerolles,Canada,D,20.8,372.0,6.558333333333333,1000000.0,EUR,1,Aerial Enforcer,Central Wide Centre-Back Lane,Aerial-Dominant Centre-Back,Central Lane,Deeper Half,Free-Roaming,86.2,5,337,44.2632,46.395,6.7632,9.3011,11.5001,0.0,1.0,0.0,0.0,0.2671,0.4985,0.2344,0.0,0.0,0.5015,0.08,1.0,"Statistical archetype: Aerial Enforcer | Spatial profile: Central Wide Centre-Back Lane | Mean position: X=44.3, Y=46.4 | Wide=0.00, Half-space=0.50, Central=0.50 | Spatial spread=11.50"
808680,Harry Souttar,Australia,D,27.7,390.0,7.0,3600000.0,EUR,1,Aerial Enforcer,Central Centre-Back Zone,Aerial-Dominant Centre-Back,Central Lane,Deep Build-Up,Positionally Stable,80.1,4,315,33.6492,45.9889,4.108,2.4172,4.7663,0.5143,0.4857,0.0,0.0,0.0,1.0,0.0,0.0,0.0,0.0,0.1734,0.93,"Statistical archetype: Aerial Enforcer | Spatial profile: Central Centre-Back Zone | Mean position: X=33.6, Y=46.0 | Wide=0.00, Half-space=0.00, Central=1.00 | Spatial spread=4.77"
831488,Nikola Katić,Bosnia & Herzegovina,D,29.8,318.0,6.884905660377359,1900000.0,EUR,1,Aerial Enforcer,Right Wide Centre-Back Lane,Aerial-Dominant Centre-Back,Right Half-Space,Deep Build-Up,Positionally Stable,79.93,4,283,32.4046,30.9777,4.6558,2.2562,5.1737,0.5194,0.4806,0.0,0.0,1.0,0.0,0.0,0.0,0.0,1.0,0.162,0.93,"Statistical archetype: Aerial Enforcer | Spatial profile: Right Wide Centre-Back Lane | Mean position: X=32.4, Y=31.0 | Wide=0.00, Half-space=1.00, Central=0.00 | Spatial spread=5.17"
801411,Derek Cornelius,Canada,D,28.6,315.0,6.485714285714286,2300000.0,EUR,1,Aerial Enforcer,Left Wide Centre-Back Lane,Aerial-Dominant Centre-Back,Left Half-Space,Deeper Half,Positionally Stable,79.9,4,291,43.6581,68.1003,4.433,2.8352,5.2621,0.0,1.0,0.0,0.0,0.0,0.0,1.0,0.0,0.0,1.0,0.1597,0.93,"Statistical archetype: Aerial Enforcer | Spatial profile: Left Wide Centre-Back Lane | Mean position: X=43.7, Y=68.1 | Wide=0.00, Half-space=1.00, Central=0.00 | Spatial spread=5.26"
889785,Johan Vásquez,Mexico,D,27.7,360.0,7.075,11300000.0,EUR,1,Aerial Enforcer,Left Wide Centre-Back Lane,Aerial-Dominant Centre-Back,Left Half-Space,Deeper Half,Positionally Stable,79.88,4,317,35.8937,67.7779,4.771,2.3168,5.3038,0.4322,0.5678,0.0,0.0,0.0,0.0,1.0,0.0,0.0,1.0,0.1586,0.93,"Statistical archetype: Aerial Enforcer | Spatial profile: Left Wide Centre-Back Lane | Mean position: X=35.9, Y=67.8 | Wide=0.00, Half-space=1.00, Central=0.00 | Spatial spread=5.30"
784677,Diney Borges,Cabo Verde,D,31.5,390.0,7.207692307692308,930000.0,EUR,1,Aerial Enforcer,Left Wide Centre-Back Lane,Aerial-Dominant Centre-Back,Left Half-Space,Deep Build-Up,Positionally Stable,79.7,4,331,25.8151,63.0852,4.2002,4.0229,5.816,1.0,0.0,0.0,0.0,0.0,0.2779,0.7221,0.0,0.0,0.7221,0.1467,0.93,"Statistical archetype: Aerial Enforcer | Spatial profile: Left Wide Centre-Back Lane | Mean position: X=25.8, Y=63.1 | Wide=0.00, Half-space=0.72, Central=0.28 | Spatial spread=5.82"
147138,Pico,Cabo Verde,D,34.1,390.0,7.230769230769231,260000.0,EUR,1,Aerial Enforcer,Right Wide Centre-Back Lane,Aerial-Dominant Centre-Back,Right Half-Space,Deep Build-Up,Positionally Stable,79.39,4,288,29.0878,30.5191,6.1801,3.1467,6.935,0.7222,0.2778,0.0,0.0,1.0,0.0,0.0,0.0,0.0,1.0,0.126,0.93,"Statistical archetype: Aerial Enforcer | Spatial profile: Right Wide Centre-Back Lane | Mean position: X=29.1, Y=30.5 | Wide=0.00, Half-space=1.00, Central=0.00 | Spatial spread=6.93"
979480,Willian Pacho,Ecuador,D,24.8,360.0,6.85,76000000.0,EUR,1,Aerial Enforcer,Left Wide Centre-Back Lane,Aerial-Dominant Centre-Back,Left Half-Space,Deep Build-Up,Mobile,79.13,4,349,33.7536,60.598,3.6116,7.3619,8.2001,0.5043,0.4957,0.0,0.0,0.0,0.4814,0.5186,0.0,0.0,0.5186,0.1087,0.93,"Statistical archetype: Aerial Enforcer | Spatial profile: Left Wide Centre-Back Lane | Mean position: X=33.8, Y=60.6 | Wide=0.00, Half-space=0.52, Central=0.48 | Spatial spread=8.20"
1155423,Alessandro Circati,Australia,D,22.8,390.0,7.461538461538462,13000000.0,EUR,1,Aerial Enforcer,Right Wide Centre-Back Lane,Aerial-Dominant Centre-Back,Right Half-Space,Deeper Half,Free-Roaming,78.73,4,357,42.251,27.0148,3.1386,10.7347,11.1841,0.0,1.0,0.0,0.3249,0.4762,0.1989,0.0,0.0,0.3249,0.4762,0.0821,0.93,"Statistical archetype: Aerial Enforcer | Spatial profile: Right Wide Centre-Back Lane | Mean position: X=42.3, Y=27.0 | Wide=0.32, Half-space=0.48, Central=0.20 | Spatial spread=11.18"
794953,Kevin Danso,Austria,D,27.8,239.0,6.729707112970711,19400000.0,EUR,1,Aerial Enforcer,Right Wide Centre-Back Lane,Aerial-Dominant Centre-Back,Right Half-Space,Deeper Half,Free-Roaming,76.0,4,233,36.9833,37.4369,9.7857,12.6225,15.9715,0.2961,0.7039,0.0,0.0,0.8498,0.0,0.1502,0.0,0.0,1.0,0.0589,0.9028,"Statistical archetype: Aerial Enforcer | Spatial profile: Right Wide Centre-Back Lane | Mean position: X=37.0, Y=37.4 | Wide=0.00, Half-space=1.00, Central=0.00 | Spatial spread=15.97"
856250,Ladislav Krejčí,Czechia,D,27.2,270.0,6.9,21000000.0,EUR,1,Aerial Enforcer,Left Wide Centre-Back Lane,Aerial-Dominant Centre-Back,Left Half-Space,Deeper Half,Positionally Stable,71.59,3,244,37.6131,70.6672,3.8841,3.4099,5.1685,0.3443,0.6557,0.0,0.0,0.0,0.0,1.0,0.0,0.0,1.0,0.1621,0.8504,"Statistical archetype: Aerial Enforcer | Spatial profile: Left Wide Centre-Back Lane | Mean position: X=37.6, Y=70.7 | Wide=0.00, Half-space=1.00, Central=0.00 | Spatial spread=5.17"
1118177,Tarik Muharemović,Bosnia & Herzegovina,D,23.4,260.0,6.892307692307693,27000000.0,EUR,1,Aerial Enforcer,Deep Central Defensive Line,Aerial-Dominant Centre-Back,Central Lane,Deep Build-Up,Mobile,71.58,3,267,32.2577,52.6232,2.7226,8.0409,8.4893,0.573,0.427,0.0,0.0,0.0,1.0,0.0,0.0,0.0,0.0,0.1054,0.86,"Statistical archetype: Aerial Enforcer | Spatial profile: Deep Central Defensive Line | Mean position: X=32.3, Y=52.6 | Wide=0.00, Half-space=0.00, Central=1.00 | Spatial spread=8.49"
1013842,Emmanuel Agbadou,Côte d'Ivoire,D,29.1,270.0,6.933333333333334,16500000.0,EUR,1,Aerial Enforcer,Left Wide Centre-Back Lane,Aerial-Dominant Centre-Back,Left Half-Space,Deep Build-Up,Positionally Stable,71.15,3,237,30.3143,69.143,2.8642,2.8629,4.0497,0.7089,0.2911,0.0,0.0,0.0,0.0,1.0,0.0,0.0,1.0,0.198,0.8392,"Statistical archetype: Aerial Enforcer | Spatial profile: Left Wide Centre-Back Lane | Mean position: X=30.3, Y=69.1 | Wide=0.00, Half-space=1.00, Central=0.00 | Spatial spread=4.05"
223340,Shoja Khalilzadeh,Iran,D,37.2,270.0,7.066666666666666,110000.0,EUR,1,Aerial Enforcer,Deep Central Defensive Line,Aerial-Dominant Centre-Back,Central Lane,Deep Build-Up,Mobile,67.98,3,226,29.4549,44.2796,2.9328,9.7386,10.1706,1.0,0.0,0.0,0.0,0.3142,0.6858,0.0,0.0,0.0,0.3142,0.0895,0.8216,"Statistical archetype: Aerial Enforcer | Spatial profile: Deep Central Defensive Line | Mean position: X=29.5, Y=44.3 | Wide=0.00, Half-space=0.31, Central=0.69 | Spatial spread=10.17"
1157713,Isak Hien,Sweden,D,27.5,217.0,6.3023041474654375,21000000.0,EUR,1,Aerial Enforcer,Central Centre-Back Zone,Aerial-Dominant Centre-Back,Central Lane,Deep Build-Up,Positionally Stable,65.33,3,198,33.6313,42.6773,2.7183,3.8823,4.7394,0.4242,0.5758,0.0,0.0,0.4242,0.5758,0.0,0.0,0.0,0.4242,0.1742,0.7768,"Statistical archetype: Aerial Enforcer | Spatial profile: Central Centre-Back Zone | Mean position: X=33.6, Y=42.7 | Wide=0.00, Half-space=0.42, Central=0.58 | Spatial spread=4.74"
358822,Rustam Ashurmatov,Uzbekistan,D,30.0,257.0,6.194941634241244,710000.0,EUR,1,Aerial Enforcer,Central Wide Centre-Back Lane,Aerial-Dominant Centre-Back,Central Lane,Deep Build-Up,Free-Roaming,64.85,3,209,32.023,59.455,1.1195,24.52,24.5456,0.6651,0.3349,0.0,0.0,0.3349,0.0,0.6651,0.0,0.0,1.0,0.0391,0.7944,"Statistical archetype: Aerial Enforcer | Spatial profile: Central Wide Centre-Back Lane | Mean position: X=32.0, Y=59.5 | Wide=0.00, Half-space=1.00, Central=0.00 | Spatial spread=24.55"
888906,Yazan Al-Arab,Jordan,D,30.5,270.0,6.033333333333333,1000000.0,EUR,1,Aerial Enforcer,Deep Central Defensive Line,Aerial-Dominant Centre-Back,Central Lane,Deep Build-Up,Positionally Stable,64.24,3,190,28.7247,55.1795,2.919,3.6673,4.6872,1.0,0.0,0.0,0.0,0.0,1.0,0.0,0.0,0.0,0.0,0.1758,0.764,"Statistical archetype: Aerial Enforcer | Spatial profile: Deep Central Defensive Line | Mean position: X=28.7, Y=55.2 | Wide=0.00, Half-space=0.00, Central=1.00 | Spatial spread=4.69"
803021,Sherel Constancio Floranus,Curaçao,D,27.9,270.0,6.6,855000.0,EUR,1,Aerial Enforcer,Central Wide Centre-Back Lane,Aerial-Dominant Centre-Back,Central Lane,Deeper Half,Free-Roaming,62.04,3,189,36.9635,58.9021,5.2356,24.3032,24.8607,0.2434,0.7566,0.0,0.0,0.3016,0.0,0.6984,0.0,0.0,1.0,0.0387,0.7624,"Statistical archetype: Aerial Enforcer | Spatial profile: Central Wide Centre-Back Lane | Mean position: X=37.0, Y=58.9 | Wide=0.00, Half-space=1.00, Central=0.00 | Spatial spread=24.86"
920514,Jerome Opoku,Ghana,D,27.8,270.0,7.133333333333334,5400000.0,EUR,1,Aerial Enforcer,Left Wide Centre-Back Lane,Aerial-Dominant Centre-Back,Left Half-Space,Deep Build-Up,Positionally Stable,60.44,3,163,28.3215,68.827,2.2375,4.1709,4.7332,1.0,0.0,0.0,0.0,0.0,0.0,1.0,0.0,0.0,1.0,0.1744,0.7208,"Statistical archetype: Aerial Enforcer | Spatial profile: Left Wide Centre-Back Lane | Mean position: X=28.3, Y=68.8 | Wide=0.00, Half-space=1.00, Central=0.00 | Spatial spread=4.73"
1892282,Issa Laye,Qatar,D,28.6,270.0,6.733333333333333,210000.0,EUR,1,Aerial Enforcer,Left Wide Centre-Back Lane,Aerial-Dominant Centre-Back,Left Half-Space,Deep Build-Up,Positionally Stable,57.94,3,145,31.8669,64.4421,2.676,3.83,4.6722,0.5862,0.4138,0.0,0.0,0.0,0.2552,0.7448,0.0,0.0,0.7448,0.1763,0.692,"Statistical archetype: Aerial Enforcer | Spatial profile: Left Wide Centre-Back Lane | Mean position: X=31.9, Y=64.4 | Wide=0.00, Half-space=0.74, Central=0.26 | Spatial spread=4.67"
363782,Derrick Luckassen,Ghana,D,31.0,180.0,7.25,1000000.0,EUR,1,Aerial Enforcer,Central Centre-Back Zone,Aerial-Dominant Centre-Back,Central Lane,Deeper Half,Free-Roaming,51.67,2,164,36.3854,46.8835,4.5077,10.5027,11.4292,0.4146,0.5854,0.0,0.0,0.4146,0.5854,0.0,0.0,0.0,0.4146,0.0805,0.6524,"Statistical archetype: Aerial Enforcer | Spatial profile: Central Centre-Back Zone | Mean position: X=36.4, Y=46.9 | Wide=0.00, Half-space=0.41, Central=0.59 | Spatial spread=11.43"
1143667,Redouane Halhal,Morocco,D,23.4,180.0,6.7,4800000.0,EUR,1,Aerial Enforcer,Central Wide Centre-Back Lane,Aerial-Dominant Centre-Back,Central Lane,Deep Build-Up,Free-Roaming,51.63,2,167,30.8407,49.5066,6.1622,17.8377,18.8721,0.5329,0.4671,0.0,0.0,0.4671,0.0,0.5329,0.0,0.0,1.0,0.0503,0.6572,"Statistical archetype: Aerial Enforcer | Spatial profile: Central Wide Centre-Back Lane | Mean position: X=30.8, Y=49.5 | Wide=0.00, Half-space=1.00, Central=0.00 | Spatial spread=18.87"
355492,Konrad Laimer,Austria,D,29.1,360.0,6.425,31000000.0,EUR,4,Defensive Stopper,Left Inverted Defensive Lane,Aggressive Stopper Centre-Back,Left Half-Space,Advanced Middle Third,Free-Roaming,77.63,4,246,53.2126,61.6447,9.1703,18.7229,20.848,0.0,1.0,0.0,0.1667,0.0,0.0,0.8333,0.0,0.1667,0.8333,0.0458,0.9236,"Statistical archetype: Defensive Stopper | Spatial profile: Left Inverted Defensive Lane | Mean position: X=53.2, Y=61.6 | Wide=0.17, Half-space=0.83, Central=0.00 | Spatial spread=20.85"
1167100,Finn Surman,New Zealand,D,22.8,270.0,6.8,1900000.0,EUR,4,Defensive Stopper,Right Wide Centre-Back Lane,Aggressive Stopper Centre-Back,Right Half-Space,Deep Build-Up,Highly Fixed,70.74,3,220,31.4659,34.2105,1.3252,1.5437,2.0345,1.0,0.0,0.0,0.0,1.0,0.0,0.0,0.0,0.0,1.0,0.3295,0.812,"Statistical archetype: Defensive Stopper | Spatial profile: Right Wide Centre-Back Lane | Mean position: X=31.5, Y=34.2 | Wide=0.00, Half-space=1.00, Central=0.00 | Spatial spread=2.03"
826169,Hannes Delcroix,Haiti,D,27.4,270.0,6.366666666666666,2100000.0,EUR,4,Defensive Stopper,Left Wide Centre-Back Lane,Aggressive Stopper Centre-Back,Left Half-Space,Deep Build-Up,Highly Fixed,69.73,3,225,33.8729,67.3409,3.0506,1.9877,3.641,0.2489,0.7511,0.0,0.0,0.0,0.0,1.0,0.0,0.0,1.0,0.2155,0.82,"Statistical archetype: Defensive Stopper | Spatial profile: Left Wide Centre-Back Lane | Mean position: X=33.9, Y=67.3 | Wide=0.00, Half-space=1.00, Central=0.00 | Spatial spread=3.64"
1631451,Akam Hashem,Iraq,D,27.9,270.0,6.233333333333333,720000.0,EUR,4,Defensive Stopper,Left Wide Centre-Back Lane,Aggressive Stopper Centre-Back,Left Half-Space,Deep Build-Up,Positionally Stable,68.52,3,223,26.17,67.0229,3.3259,4.3969,5.5131,1.0,0.0,0.0,0.0,0.0,0.2511,0.7489,0.0,0.0,0.7489,0.1535,0.8168,"Statistical archetype: Defensive Stopper | Spatial profile: Left Wide Centre-Back Lane | Mean position: X=26.2, Y=67.0 | Wide=0.00, Half-space=0.75, Central=0.25 | Spatial spread=5.51"
233746,Boualem Khoukhi,Qatar,D,36.0,270.0,6.466666666666667,190000.0,EUR,4,Defensive Stopper,Deep Central Defensive Line,Aggressive Stopper Centre-Back,Central Lane,Deep Build-Up,Mobile,64.75,3,202,27.3252,41.3807,5.6368,7.3145,9.2344,0.5792,0.4208,0.0,0.0,0.4208,0.5792,0.0,0.0,0.0,0.4208,0.0977,0.7832,"Statistical archetype: Defensive Stopper | Spatial profile: Deep Central Defensive Line | Mean position: X=27.3, Y=41.4 | Wide=0.00, Half-space=0.42, Central=0.58 | Spatial spread=9.23"
1187275,Joel Ordóñez,Ecuador,D,22.2,225.0,6.74,36000000.0,EUR,4,Defensive Stopper,Right Wide Centre-Back Lane,Aggressive Stopper Centre-Back,Right Half-Space,Deeper Half,Positionally Stable,62.25,3,174,35.1195,32.8695,2.6983,3.2068,4.191,0.1437,0.8563,0.0,0.0,0.8563,0.1437,0.0,0.0,0.0,0.8563,0.1926,0.7384,"Statistical archetype: Defensive Stopper | Spatial profile: Right Wide Centre-Back Lane | Mean position: X=35.1, Y=32.9 | Wide=0.00, Half-space=0.86, Central=0.14 | Spatial spread=4.19"
1114497,Abdallah Nasib,Jordan,D,32.4,261.0,6.372413793103449,360000.0,EUR,4,Defensive Stopper,Right Wide Centre-Back Lane,Aggressive Stopper Centre-Back,Right Half-Space,Deep Build-Up,Positionally Stable,60.85,3,165,33.5539,25.0448,2.8015,3.4624,4.4539,0.3576,0.6424,0.0,0.0,1.0,0.0,0.0,0.0,0.0,1.0,0.1834,0.724,"Statistical archetype: Defensive Stopper | Spatial profile: Right Wide Centre-Back Lane | Mean position: X=33.6, Y=25.0 | Wide=0.00, Half-space=1.00, Central=0.00 | Spatial spread=4.45"
843746,Stjepan Radeljić,Bosnia & Herzegovina,D,28.9,180.0,6.7,2900000.0,EUR,4,Defensive Stopper,Left Wide Centre-Back Lane,Aggressive Stopper Centre-Back,Left Half-Space,Deeper Half,Highly Fixed,58.74,2,188,35.6984,72.7239,1.9622,0.5912,2.0494,0.0,1.0,0.0,0.0,0.0,0.0,1.0,0.0,0.0,1.0,0.3279,0.6908,"Statistical archetype: Defensive Stopper | Spatial profile: Left Wide Centre-Back Lane | Mean position: X=35.7, Y=72.7 | Wide=0.00, Half-space=1.00, Central=0.00 | Spatial spread=2.05"
881837,Hassan Tambakti,Saudi Arabia,D,27.4,213.0,6.012676056338028,1900000.0,EUR,4,Defensive Stopper,Left Wide Centre-Back Lane,Aggressive Stopper Centre-Back,Left Half-Space,Deep Build-Up,Highly Fixed,55.29,3,121,31.8298,70.5595,2.5263,2.3919,3.479,0.8017,0.1983,0.0,0.0,0.0,0.0,1.0,0.0,0.0,1.0,0.2233,0.6536,"Statistical archetype: Defensive Stopper | Spatial profile: Left Wide Centre-Back Lane | Mean position: X=31.8, Y=70.6 | Wide=0.00, Half-space=1.00, Central=0.00 | Spatial spread=3.48"
227672,Jonathan Tah,Germany,D,30.4,373.0,6.8999999999999995,26000000.0,EUR,3,Ball-Carrying Defender,Central Centre-Back Zone,Ball-Carrying Centre-Back,Central Lane,Deeper Half,Mobile,79.21,4,461,45.0208,46.0759,4.7794,6.1003,7.7496,0.0,1.0,0.0,0.0,0.0,1.0,0.0,0.0,0.0,0.0,0.1143,0.93,"Statistical archetype: Ball-Carrying Defender | Spatial profile: Central Centre-Back Zone | Mean position: X=45.0, Y=46.1 | Wide=0.00, Half-space=0.00, Central=1.00 | Spatial spread=7.75"
896569,Kim Min-jae,South Korea,D,29.7,245.0,6.873469387755102,21000000.0,EUR,3,Ball-Carrying Defender,Central Centre-Back Zone,Ball-Carrying Centre-Back,Central Lane,Deeper Half,Highly Fixed,76.06,3,287,36.7767,50.6606,1.1249,0.9552,1.4758,0.0,1.0,0.0,0.0,0.0,1.0,0.0,0.0,0.0,0.0,0.4039,0.86,"Statistical archetype: Ball-Carrying Defender | Spatial profile: Central Centre-Back Zone | Mean position: X=36.8, Y=50.7 | Wide=0.00, Half-space=0.00, Central=1.00 | Spatial spread=1.48"
1144138,Jordan Bos,Australia,D,23.7,309.0,6.798058252427184,11200000.0,EUR,2,Attacking Full-Back,Central Full-Back Channel,Central Attacking Full-Back,Central Lane,Advanced Middle Third,Free-Roaming,77.23,4,245,54.5408,45.4106,7.1684,33.4958,34.2543,0.0,1.0,0.0,0.4367,0.1429,0.0,0.0,0.4204,0.8571,0.1429,0.0284,0.922,"Statistical archetype: Attacking Full-Back | Spatial profile: Central Full-Back Channel | Mean position: X=54.5, Y=45.4 | Wide=0.86, Half-space=0.14, Central=0.00 | Spatial spread=34.25"
1172773,Luis Romo,Mexico,D,31.0,268.0,6.934328358208955,2900000.0,EUR,2,Attacking Full-Back,High Central Defensive Line,Central Attacking Full-Back,Central Lane,Advanced Middle Third,Positionally Stable,68.6,4,175,51.1714,52.1897,3.785,4.327,5.7488,0.0,1.0,0.0,0.0,0.0,1.0,0.0,0.0,0.0,0.0,0.1482,0.7975,"Statistical archetype: Attacking Full-Back | Spatial profile: High Central Defensive Line | Mean position: X=51.2, Y=52.2 | Wide=0.00, Half-space=0.00, Central=1.00 | Spatial spread=5.75"
1136642,Livano Comenencia,Curaçao,D,22.5,235.0,6.900425531914893,480000.0,EUR,2,Attacking Full-Back,Central Centre-Back Zone,Central Attacking Full-Back,Central Lane,Deeper Half,Mobile,57.95,3,151,40.1325,41.9344,2.6618,6.7911,7.2941,0.0,1.0,0.0,0.0,0.2914,0.7086,0.0,0.0,0.0,0.2914,0.1206,0.7016,"Statistical archetype: Attacking Full-Back | Spatial profile: Central Centre-Back Zone | Mean position: X=40.1, Y=41.9 | Wide=0.00, Half-space=0.29, Central=0.71 | Spatial spread=7.29"
989236,Israel Reyes,Mexico,D,26.2,200.0,7.245,6700000.0,EUR,0,Safe-Possession Defender,Central Defensive Full-Back Zone,Central Possession Full-Back,Central Lane,Deeper Half,Free-Roaming,46.38,2,131,36.1015,47.2427,6.856,26.1413,27.0254,0.5344,0.4656,0.0,0.4656,0.0,0.0,0.5344,0.0,0.4656,0.5344,0.0357,0.5996,"Statistical archetype: Safe-Possession Defender | Spatial profile: Central Defensive Full-Back Zone | Mean position: X=36.1, Y=47.2 | Wide=0.47, Half-space=0.53, Central=0.00 | Spatial spread=27.03"
248331,Brandon Mechele,Belgium,D,33.5,570.0,6.9526315789473685,2700000.0,EUR,3,Ball-Carrying Defender,Central Wide Centre-Back Lane,Central Wide Centre-Back,Central Lane,Deeper Half,Free-Roaming,86.03,6,548,38.3911,52.4263,5.0917,12.6395,13.6266,0.1971,0.8029,0.0,0.0,0.1515,0.292,0.5566,0.0,0.0,0.708,0.0684,1.0,"Statistical archetype: Ball-Carrying Defender | Spatial profile: Central Wide Centre-Back Lane | Mean position: X=38.4, Y=52.4 | Wide=0.00, Half-space=0.71, Central=0.29 | Spatial spread=13.63"
151545,Virgil van Dijk,Netherlands,D,35.0,390.0,7.415384615384616,15500000.0,EUR,3,Ball-Carrying Defender,Central Wide Centre-Back Lane,Central Wide Centre-Back,Central Lane,Deeper Half,Mobile,79.3,4,438,42.6765,59.5557,6.0413,4.1809,7.3469,0.0,1.0,0.0,0.0,0.0,0.4909,0.5091,0.0,0.0,0.5091,0.1198,0.93,"Statistical archetype: Ball-Carrying Defender | Spatial profile: Central Wide Centre-Back Lane | Mean position: X=42.7, Y=59.6 | Wide=0.00, Half-space=0.51, Central=0.49 | Spatial spread=7.35"
152077,John Stones,England,D,32.1,330.0,6.69969696969697,10900000.0,EUR,3,Ball-Carrying Defender,Central Wide Centre-Back Lane,Central Wide Centre-Back,Central Lane,Deeper Half,Free-Roaming,77.57,4,245,36.0882,45.8265,7.7645,16.9304,18.6259,0.3796,0.6204,0.0,0.0,0.6694,0.0,0.3306,0.0,0.0,1.0,0.051,0.922,"Statistical archetype: Ball-Carrying Defender | Spatial profile: Central Wide Centre-Back Lane | Mean position: X=36.1, Y=45.8 | Wide=0.00, Half-space=1.00, Central=0.00 | Spatial spread=18.63"
795696,Jack Hendry,Scotland,D,31.2,270.0,6.933333333333334,2400000.0,EUR,3,Ball-Carrying Defender,Central Wide Centre-Back Lane,Central Wide Centre-Back,Central Lane,Deep Build-Up,Free-Roaming,65.38,3,210,33.7714,57.6657,1.3748,14.2599,14.326,0.2952,0.7048,0.0,0.0,0.2905,0.0,0.7095,0.0,0.0,1.0,0.0652,0.796,"Statistical archetype: Ball-Carrying Defender | Spatial profile: Central Wide Centre-Back Lane | Mean position: X=33.8, Y=57.7 | Wide=0.00, Half-space=1.00, Central=0.00 | Spatial spread=14.33"
806968,Merih Demiral,Türkiye,D,28.4,180.0,6.7,11600000.0,EUR,3,Ball-Carrying Defender,Central Wide Centre-Back Lane,Central Wide Centre-Back,Central Lane,Deeper Half,Positionally Stable,57.17,2,192,47.9089,41.3604,2.381,3.6792,4.3824,0.0,1.0,0.0,0.0,0.5469,0.4531,0.0,0.0,0.0,0.5469,0.1858,0.6972,"Statistical archetype: Ball-Carrying Defender | Spatial profile: Central Wide Centre-Back Lane | Mean position: X=47.9, Y=41.4 | Wide=0.00, Half-space=0.55, Central=0.45 | Spatial spread=4.38"
96538,Lucas Digne,France,D,33.0,465.0,6.72258064516129,5500000.0,EUR,1,Aerial Enforcer,Left Full-Back Channel,Left Aerial Full-Back,Left Wide,Advanced Middle Third,Positionally Stable,87.63,6,409,50.9247,86.0355,4.5012,1.3695,4.7049,0.0,1.0,0.0,0.0,0.0,0.0,0.0,1.0,1.0,0.0,0.1753,1.0,"Statistical archetype: Aerial Enforcer | Spatial profile: Left Full-Back Channel | Mean position: X=50.9, Y=86.0 | Wide=1.00, Half-space=0.00, Central=0.00 | Spatial spread=4.70"
847030,Noussair Mazraoui,Morocco,D,28.7,486.0,7.16008230452675,17500000.0,EUR,1,Aerial Enforcer,Left Defensive Full-Back Zone,Left Aerial Full-Back,Left Half-Space,Deep Build-Up,Mobile,86.65,6,421,34.9777,77.6658,4.0652,6.9822,8.0794,0.3824,0.6176,0.0,0.0,0.0,0.0,0.4371,0.5629,0.5629,0.4371,0.1101,1.0,"Statistical archetype: Aerial Enforcer | Spatial profile: Left Defensive Full-Back Zone | Mean position: X=35.0, Y=77.7 | Wide=0.56, Half-space=0.44, Central=0.00 | Spatial spread=8.08"
158243,Nicolás Tagliafico,Argentina,D,33.9,477.0,6.631656184486373,3800000.0,EUR,1,Aerial Enforcer,Left Full-Back Channel,Left Aerial Full-Back,Left Wide,Deeper Half,Mobile,86.64,6,330,47.0915,84.5661,7.7633,2.4213,8.1322,0.0,1.0,0.0,0.0,0.0,0.0,0.0,1.0,1.0,0.0,0.1095,1.0,"Statistical archetype: Aerial Enforcer | Spatial profile: Left Full-Back Channel | Mean position: X=47.1, Y=84.6 | Wide=1.00, Half-space=0.00, Central=0.00 | Spatial spread=8.13"
1002837,Piero Hincapié,Ecuador,D,24.5,341.0,6.65425219941349,46000000.0,EUR,1,Aerial Enforcer,Left Full-Back Channel,Left Aerial Full-Back,Left Half-Space,Advanced Middle Third,Positionally Stable,80.06,4,326,52.4945,78.4178,2.5914,4.1211,4.8681,0.0,1.0,0.0,0.0,0.0,0.0,0.6503,0.3497,0.3497,0.6503,0.1704,0.93,"Statistical archetype: Aerial Enforcer | Spatial profile: Left Full-Back Channel | Mean position: X=52.5, Y=78.4 | Wide=0.35, Half-space=0.65, Central=0.00 | Spatial spread=4.87"
344847,Johan Mojica,Colombia,D,33.9,390.0,7.230769230769231,1400000.0,EUR,1,Aerial Enforcer,Left Full-Back Channel,Left Aerial Full-Back,Left Wide,Deeper Half,Positionally Stable,80.01,4,295,45.8441,85.2705,4.9273,0.7473,4.9837,0.0,1.0,0.0,0.0,0.0,0.0,0.0,1.0,1.0,0.0,0.1671,0.93,"Statistical archetype: Aerial Enforcer | Spatial profile: Left Full-Back Channel | Mean position: X=45.8, Y=85.3 | Wide=1.00, Half-space=0.00, Central=0.00 | Spatial spread=4.98"
834308,Gabriel Gudmundsson,Sweden,D,27.2,332.0,6.706626506024096,21000000.0,EUR,1,Aerial Enforcer,Left Defensive Full-Back Zone,Left Aerial Full-Back,Left Wide,Deeper Half,Positionally Stable,78.33,4,239,39.3987,80.0678,4.1561,3.3364,5.3296,0.0,1.0,0.0,0.0,0.0,0.0,0.5481,0.4519,0.4519,0.5481,0.158,0.9124,"Statistical archetype: Aerial Enforcer | Spatial profile: Left Defensive Full-Back Zone | Mean position: X=39.4, Y=80.1 | Wide=0.45, Half-space=0.55, Central=0.00 | Spatial spread=5.33"
1177177,Deveron Fonville,Curaçao,D,23.2,243.0,6.069547325102881,1500000.0,EUR,1,Aerial Enforcer,Left Defensive Full-Back Zone,Left Aerial Full-Back,Left Wide,Deeper Half,Highly Fixed,56.87,3,133,36.4135,81.8917,3.2558,1.5866,3.6218,0.3835,0.6165,0.0,0.0,0.0,0.0,0.391,0.609,0.609,0.391,0.2164,0.6728,"Statistical archetype: Aerial Enforcer | Spatial profile: Left Defensive Full-Back Zone | Mean position: X=36.4, Y=81.9 | Wide=0.61, Half-space=0.39, Central=0.00 | Spatial spread=3.62"
1014276,Sherzod Nasrullaev,Uzbekistan,D,28.0,180.0,6.475,1200000.0,EUR,1,Aerial Enforcer,Left Full-Back Channel,Left Aerial Full-Back,Left Wide,Deeper Half,Highly Fixed,48.25,3,102,48.9598,85.6471,0.9644,1.4096,1.7079,0.0,1.0,0.0,0.0,0.0,0.0,0.0,1.0,1.0,0.0,0.3693,0.4919,"Statistical archetype: Aerial Enforcer | Spatial profile: Left Full-Back Channel | Mean position: X=49.0, Y=85.6 | Wide=1.00, Half-space=0.00, Central=0.00 | Spatial spread=1.71"
989768,Nuno Mendes,Portugal,D,24.1,397.0,7.541057934508816,77000000.0,EUR,2,Attacking Full-Back,Left Full-Back Channel,Left Attacking Full-Back,Left Wide,Advanced Middle Third,Positionally Stable,87.06,5,435,53.1108,82.6823,5.0477,3.7554,6.2915,0.0,1.0,0.0,0.0,0.0,0.0,0.2253,0.7747,0.7747,0.2253,0.1371,1.0,"Statistical archetype: Attacking Full-Back | Spatial profile: Left Full-Back Channel | Mean position: X=53.1, Y=82.7 | Wide=0.77, Half-space=0.23, Central=0.00 | Spatial spread=6.29"
997152,Maxim De Cuyper,Belgium,D,25.6,443.0,6.753950338600451,21000000.0,EUR,2,Attacking Full-Back,Left Full-Back Channel,Left Attacking Full-Back,Left Wide,Advanced Middle Third,Mobile,86.8,6,379,50.5441,80.8636,7.0488,2.0347,7.3366,0.0,1.0,0.0,0.0,0.0,0.0,0.277,0.723,0.723,0.277,0.12,1.0,"Statistical archetype: Attacking Full-Back | Spatial profile: Left Full-Back Channel | Mean position: X=50.5, Y=80.9 | Wide=0.72, Half-space=0.28, Central=0.00 | Spatial spread=7.34"
67769,Ricardo Rodríguez,Switzerland,D,33.9,519.0,7.034296724470135,1500000.0,EUR,2,Attacking Full-Back,Left Full-Back Channel,Left Attacking Full-Back,Left Wide,Advanced Middle Third,Mobile,86.74,6,437,50.9513,85.2677,7.0039,2.9793,7.6112,0.0,1.0,0.0,0.0,0.0,0.0,0.0,1.0,1.0,0.0,0.1161,1.0,"Statistical archetype: Attacking Full-Back | Spatial profile: Left Full-Back Channel | Mean position: X=51.0, Y=85.3 | Wide=1.00, Half-space=0.00, Central=0.00 | Spatial spread=7.61"
770253,Jesús Gallardo,Mexico,D,31.9,372.0,6.724193548387097,2700000.0,EUR,2,Attacking Full-Back,Left Full-Back Channel,Left Attacking Full-Back,Left Wide,Deeper Half,Mobile,86.29,5,290,49.1859,87.6679,10.409,1.9353,10.5874,0.0379,0.9621,0.0,0.0,0.0,0.0,0.0379,0.9621,0.9621,0.0379,0.0863,1.0,"Statistical archetype: Attacking Full-Back | Spatial profile: Left Full-Back Channel | Mean position: X=49.2, Y=87.7 | Wide=0.96, Half-space=0.04, Central=0.00 | Spatial spread=10.59"
174975,Arthur Masuaku,DR Congo,D,32.7,318.0,6.826729559748428,1900000.0,EUR,2,Attacking Full-Back,Left Defensive Full-Back Zone,Left Attacking Full-Back,Left Wide,Deeper Half,Positionally Stable,79.83,4,271,41.2066,85.5022,4.4956,3.0389,5.4264,0.0,1.0,0.0,0.0,0.0,0.0,0.0,1.0,1.0,0.0,0.1556,0.93,"Statistical archetype: Attacking Full-Back | Spatial profile: Left Defensive Full-Back Zone | Mean position: X=41.2, Y=85.5 | Wide=1.00, Half-space=0.00, Central=0.00 | Spatial spread=5.43"
142148,Sead Kolašinac,Bosnia & Herzegovina,D,33.1,339.0,6.616814159292035,4200000.0,EUR,2,Attacking Full-Back,Left Defensive Full-Back Zone,Left Attacking Full-Back,Left Wide,Deeper Half,Positionally Stable,79.81,4,275,42.7924,83.252,4.9251,2.4515,5.5014,0.0,1.0,0.0,0.0,0.0,0.0,0.2509,0.7491,0.7491,0.2509,0.1538,0.93,"Statistical archetype: Attacking Full-Back | Spatial profile: Left Defensive Full-Back Zone | Mean position: X=42.8, Y=83.3 | Wide=0.75, Half-space=0.25, Central=0.00 | Spatial spread=5.50"
880622,Ahmed Fatouh,Egypt,D,28.3,268.0,6.800000000000001,1000000.0,EUR,2,Attacking Full-Back,Left Full-Back Channel,Left Attacking Full-Back,Left Wide,Deeper Half,Highly Fixed,73.04,3,242,48.5868,84.8793,2.5898,0.2508,2.6019,0.0,1.0,0.0,0.0,0.0,0.0,0.0,1.0,1.0,0.0,0.2776,0.8472,"Statistical archetype: Attacking Full-Back | Spatial profile: Left Full-Back Channel | Mean position: X=48.6, Y=84.9 | Wide=1.00, Half-space=0.00, Central=0.00 | Spatial spread=2.60"
262911,Andy Robertson,Scotland,D,32.4,225.0,6.68,7500000.0,EUR,2,Attacking Full-Back,Left Full-Back Channel,Left Attacking Full-Back,Left Wide,Deeper Half,Highly Fixed,67.42,3,207,45.1348,85.9643,2.413,2.331,3.355,0.0,1.0,0.0,0.0,0.0,0.0,0.0,1.0,1.0,0.0,0.2296,0.7912,"Statistical archetype: Attacking Full-Back | Spatial profile: Left Full-Back Channel | Mean position: X=45.1, Y=86.0 | Wide=1.00, Half-space=0.00, Central=0.00 | Spatial spread=3.35"
829207,Richie Laryea,Canada,D,31.5,431.0,7.338979118329466,950000.0,EUR,4,Defensive Stopper,Left Full-Back Channel,Left Defensive Full-Back,Left Half-Space,Advanced Middle Third,Mobile,86.65,5,328,54.4677,78.9543,5.8304,5.6448,8.1153,0.0,1.0,0.0,0.0,0.0,0.0,0.4512,0.5488,0.5488,0.4512,0.1097,1.0,"Statistical archetype: Defensive Stopper | Spatial profile: Left Full-Back Channel | Mean position: X=54.5, Y=79.0 | Wide=0.55, Half-space=0.45, Central=0.00 | Spatial spread=8.12"
243583,Douglas Santos,Brazil,D,32.3,442.0,6.966515837104072,7000000.0,EUR,4,Defensive Stopper,Left Full-Back Channel,Left Defensive Full-Back,Left Wide,Deeper Half,Mobile,86.58,5,382,46.7288,86.4267,7.9203,3.0179,8.4758,0.0,1.0,0.0,0.0,0.0,0.0,0.0,1.0,1.0,0.0,0.1055,1.0,"Statistical archetype: Defensive Stopper | Spatial profile: Left Full-Back Channel | Mean position: X=46.7, Y=86.4 | Wide=1.00, Half-space=0.00, Central=0.00 | Spatial spread=8.48"
945798,Djed Spence,England,D,25.9,402.0,6.9126865671641795,31000000.0,EUR,4,Defensive Stopper,Left Full-Back Channel,Left Defensive Full-Back,Left Half-Space,Deeper Half,Free-Roaming,85.44,8,354,47.3048,60.9048,7.1034,32.1533,32.9286,0.0508,0.9492,0.0,0.3164,0.0,0.0,0.0508,0.6328,0.9492,0.0508,0.0295,1.0,"Statistical archetype: Defensive Stopper | Spatial profile: Left Full-Back Channel | Mean position: X=47.3, Y=60.9 | Wide=0.95, Half-space=0.05, Central=0.00 | Spatial spread=32.93"
803174,Antonee Robinson,USA,D,28.9,349.0,7.046991404011462,24000000.0,EUR,4,Defensive Stopper,Left Full-Back Channel,Left Defensive Full-Back,Left Wide,Advanced Middle Third,Positionally Stable,80.42,4,358,51.9785,85.2126,3.5592,2.1072,4.1362,0.0,1.0,0.0,0.0,0.0,0.0,0.0,1.0,1.0,0.0,0.1947,0.93,"Statistical archetype: Defensive Stopper | Spatial profile: Left Full-Back Channel | Mean position: X=52.0, Y=85.2 | Wide=1.00, Half-space=0.00, Central=0.00 | Spatial spread=4.14"
931278,Rayan Aït-Nouri,Algeria,D,25.1,284.0,6.571126760563381,39000000.0,EUR,4,Defensive Stopper,Left Overlapping Channel,Left Defensive Full-Back,Left Wide,Advanced Middle Third,Positionally Stable,80.05,4,317,57.1864,88.8653,4.4916,1.926,4.8872,0.0,0.8959,0.1041,0.0,0.0,0.0,0.0,1.0,1.0,0.0,0.1699,0.93,"Statistical archetype: Defensive Stopper | Spatial profile: Left Overlapping Channel | Mean position: X=57.2, Y=88.9 | Wide=1.00, Half-space=0.00, Central=0.00 | Spatial spread=4.89"
333275,Junior Alonso,Paraguay,D,33.4,390.0,6.322564102564103,1400000.0,EUR,4,Defensive Stopper,Left Defensive Full-Back Zone,Left Defensive Full-Back,Left Wide,Deep Build-Up,Highly Fixed,77.89,4,221,32.41,80.5425,1.7642,1.5836,2.3707,0.733,0.267,0.0,0.0,0.0,0.0,0.4932,0.5068,0.5068,0.4932,0.2967,0.8836,"Statistical archetype: Defensive Stopper | Spatial profile: Left Defensive Full-Back Zone | Mean position: X=32.4, Y=80.5 | Wide=0.51, Half-space=0.49, Central=0.00 | Spatial spread=2.37"
837099,Aubrey Modiba,South Africa,D,31.0,347.0,7.1190201729106635,1900000.0,EUR,4,Defensive Stopper,Left Full-Back Channel,Left Defensive Full-Back,Left Wide,Deeper Half,Mobile,76.85,4,233,47.77,83.3133,5.274,5.5416,7.6501,0.0,1.0,0.0,0.0,0.0,0.0,0.1674,0.8326,0.8326,0.1674,0.1156,0.9028,"Statistical archetype: Defensive Stopper | Spatial profile: Left Full-Back Channel | Mean position: X=47.8, Y=83.3 | Wide=0.83, Half-space=0.17, Central=0.00 | Spatial spread=7.65"
831781,Ghislain Konan,Côte d'Ivoire,D,30.6,269.0,6.801486988847583,2800000.0,EUR,4,Defensive Stopper,Left Defensive Full-Back Zone,Left Defensive Full-Back,Left Wide,Deeper Half,Highly Fixed,72.78,3,236,42.5394,86.8025,2.0743,0.6078,2.1615,0.0,1.0,0.0,0.0,0.0,0.0,0.0,1.0,1.0,0.0,0.3163,0.8376,"Statistical archetype: Defensive Stopper | Spatial profile: Left Defensive Full-Back Zone | Mean position: X=42.5, Y=86.8 | Wide=1.00, Half-space=0.00, Central=0.00 | Spatial spread=2.16"
1381224,Merchas Doski,Iraq,D,26.6,270.0,6.4,1800000.0,EUR,4,Defensive Stopper,Left Defensive Full-Back Zone,Left Defensive Full-Back,Left Wide,Deeper Half,Positionally Stable,68.87,3,227,36.9912,86.2678,3.9938,4.706,6.1723,0.4185,0.5815,0.0,0.0,0.0,0.0,0.2643,0.7357,0.7357,0.2643,0.1394,0.8232,"Statistical archetype: Defensive Stopper | Spatial profile: Left Defensive Full-Back Zone | Mean position: X=37.0, Y=86.3 | Wide=0.74, Half-space=0.26, Central=0.00 | Spatial spread=6.17"
1110369,Martin Expérience,Haiti,D,27.4,270.0,6.266666666666667,360000.0,EUR,4,Defensive Stopper,Left Defensive Full-Back Zone,Left Defensive Full-Back,Left Wide,Deeper Half,Positionally Stable,67.46,3,217,44.9327,82.2258,5.4035,3.0833,6.2213,0.0,1.0,0.0,0.0,0.0,0.0,0.2535,0.7465,0.7465,0.2535,0.1385,0.8072,"Statistical archetype: Defensive Stopper | Spatial profile: Left Defensive Full-Back Zone | Mean position: X=44.9, Y=82.2 | Wide=0.75, Half-space=0.25, Central=0.00 | Spatial spread=6.22"
1117723,Sidny Lopes Cabral,Cabo Verde,D,23.8,286.0,7.0888111888111895,4099999.0,EUR,4,Defensive Stopper,Left Defensive Full-Back Zone,Left Defensive Full-Back,Left Wide,Deeper Half,Mobile,66.36,3,215,41.4991,82.3228,10.8209,1.301,10.8989,0.2512,0.7488,0.0,0.0,0.0,0.0,0.0,1.0,1.0,0.0,0.084,0.804,"Statistical archetype: Defensive Stopper | Spatial profile: Left Defensive Full-Back Zone | Mean position: X=41.5, Y=82.3 | Wide=1.00, Half-space=0.00, Central=0.00 | Spatial spread=10.90"
1000809,Amine Ben Hmida,Tunisia,D,30.6,203.0,6.476847290640394,1000000.0,EUR,4,Defensive Stopper,Left Defensive Full-Back Zone,Left Defensive Full-Back,Left Half-Space,Deep Build-Up,Positionally Stable,61.74,3,176,31.0097,79.7023,5.0682,3.4612,6.1373,0.5114,0.4886,0.0,0.0,0.0,0.0,0.7386,0.2614,0.2614,0.7386,0.1401,0.7416,"Statistical archetype: Defensive Stopper | Spatial profile: Left Defensive Full-Back Zone | Mean position: X=31.0, Y=79.7 | Wide=0.26, Half-space=0.74, Central=0.00 | Spatial spread=6.14"
919027,Ali Abdi,Tunisia,D,32.6,269.0,5.998513011152416,1900000.0,EUR,4,Defensive Stopper,Left Defensive Full-Back Zone,Left Defensive Full-Back,Left Wide,Deeper Half,Mobile,58.46,3,157,40.1287,86.3159,8.3876,3.5843,9.1213,0.3121,0.6879,0.0,0.0,0.0,0.0,0.0,1.0,1.0,0.0,0.0988,0.7112,"Statistical archetype: Defensive Stopper | Spatial profile: Left Defensive Full-Back Zone | Mean position: X=40.1, Y=86.3 | Wide=1.00, Half-space=0.00, Central=0.00 | Spatial spread=9.12"
812531,Milad Mohammadi,Iran,D,32.8,204.0,6.535294117647059,930000.0,EUR,4,Defensive Stopper,Left Full-Back Channel,Left Defensive Full-Back,Left Wide,Deeper Half,Positionally Stable,58.3,3,152,48.3237,85.3243,4.8087,4.2799,6.4375,0.0,1.0,0.0,0.0,0.0,0.0,0.375,0.625,0.625,0.375,0.1345,0.7032,"Statistical archetype: Defensive Stopper | Spatial profile: Left Full-Back Channel | Mean position: X=48.3, Y=85.3 | Wide=0.62, Half-space=0.38, Central=0.00 | Spatial spread=6.44"
576220,Aziz Behich,Australia,D,35.6,223.0,6.640358744394619,245000.0,EUR,4,Defensive Stopper,Left Full-Back Channel,Left Defensive Full-Back,Left Wide,Deeper Half,Mobile,57.04,3,148,46.3189,85.5473,9.2748,4.5307,10.3223,0.1149,0.8851,0.0,0.0,0.0,0.0,0.1149,0.8851,0.8851,0.1149,0.0883,0.6968,"Statistical archetype: Defensive Stopper | Spatial profile: Left Full-Back Channel | Mean position: X=46.3, Y=85.5 | Wide=0.89, Half-space=0.11, Central=0.00 | Spatial spread=10.32"
932486,Ali Nemati,Iran,D,30.4,270.0,6.766666666666667,515000.0,EUR,2,Attacking Full-Back,Left Wide Centre-Back Lane,Left Inverted Attacking Full-Back,Left Half-Space,Deep Build-Up,Positionally Stable,66.03,3,205,33.7893,68.2951,2.7026,4.7149,5.4345,0.3902,0.6098,0.0,0.0,0.0,0.0,1.0,0.0,0.0,1.0,0.1554,0.788,"Statistical archetype: Attacking Full-Back | Spatial profile: Left Wide Centre-Back Lane | Mean position: X=33.8, Y=68.3 | Wide=0.00, Half-space=1.00, Central=0.00 | Spatial spread=5.43"
929193,Maximiliano Araújo,Uruguay,D,26.4,252.0,7.35,32000000.0,EUR,2,Attacking Full-Back,Left Inverted Defensive Lane,Left Inverted Attacking Full-Back,Left Half-Space,Final Third,Mobile,55.99,3,137,68.9438,71.8701,6.1449,3.8973,7.2766,0.0,0.3723,0.6277,0.0,0.0,0.0,1.0,0.0,0.0,1.0,0.1208,0.6792,"Statistical archetype: Attacking Full-Back | Spatial profile: Left Inverted Defensive Lane | Mean position: X=68.9, Y=71.9 | Wide=0.00, Half-space=1.00, Central=0.00 | Spatial spread=7.28"
1159759,Nathaniel Brown,Germany,D,23.1,283.0,7.19434628975265,37000000.0,EUR,2,Attacking Full-Back,Left Overlapping Channel,Left Overlapping Full-Back,Left Half-Space,Advanced Middle Third,Highly Fixed,70.33,3,223,57.0978,75.1834,1.89,1.853,2.6468,0.0,1.0,0.0,0.0,0.0,0.0,1.0,0.0,0.0,1.0,0.2742,0.8168,"Statistical archetype: Attacking Full-Back | Spatial profile: Left Overlapping Channel | Mean position: X=57.1, Y=75.2 | Wide=0.00, Half-space=1.00, Central=0.00 | Spatial spread=2.65"
897291,Ismail Jakobs,Senegal,D,26.9,220.0,6.509090909090909,8700000.0,EUR,2,Attacking Full-Back,Left Overlapping Channel,Left Overlapping Full-Back,Left Wide,Advanced Middle Third,Highly Fixed,65.52,3,196,58.223,84.5689,3.3458,1.9536,3.8744,0.0,1.0,0.0,0.0,0.0,0.0,0.0,1.0,1.0,0.0,0.2052,0.7736,"Statistical archetype: Attacking Full-Back | Spatial profile: Left Overlapping Channel | Mean position: X=58.2, Y=84.6 | Wide=1.00, Half-space=0.00, Central=0.00 | Spatial spread=3.87"
874568,Juan Sanabria,Uruguay,D,26.3,205.0,6.602439024390244,3800000.0,EUR,2,Attacking Full-Back,Left Overlapping Channel,Left Overlapping Full-Back,Left Wide,Advanced Middle Third,Mobile,58.69,3,158,59.681,84.5468,8.2944,2.1355,8.5649,0.0,0.6962,0.3038,0.0,0.0,0.0,0.0,1.0,1.0,0.0,0.1045,0.7128,"Statistical archetype: Attacking Full-Back | Spatial profile: Left Overlapping Channel | Mean position: X=59.7, Y=84.5 | Wide=1.00, Half-space=0.00, Central=0.00 | Spatial spread=8.56"
1031283,David Møller Wolfe,Norway,D,24.2,431.0,6.7266821345707655,7300000.0,EUR,0,Safe-Possession Defender,Left Defensive Full-Back Zone,Left Possession Full-Back,Left Wide,Deeper Half,Positionally Stable,87.73,5,295,44.4024,83.3732,4.1461,1.7609,4.5046,0.0,1.0,0.0,0.0,0.0,0.0,0.0,1.0,1.0,0.0,0.1817,1.0,"Statistical archetype: Safe-Possession Defender | Spatial profile: Left Defensive Full-Back Zone | Mean position: X=44.4, Y=83.4 | Wide=1.00, Half-space=0.00, Central=0.00 | Spatial spread=4.50"
794939,Marc Cucurella,Spain,D,28.0,750.0,7.084,52000000.0,EUR,0,Safe-Possession Defender,Left Full-Back Channel,Left Possession Full-Back,Left Wide,Advanced Middle Third,Mobile,86.58,8,617,54.6002,84.2271,8.3914,1.2883,8.4897,0.0,0.8541,0.1459,0.0,0.0,0.0,0.0,1.0,1.0,0.0,0.1054,1.0,"Statistical archetype: Safe-Possession Defender | Spatial profile: Left Full-Back Channel | Mean position: X=54.6, Y=84.2 | Wide=1.00, Half-space=0.00, Central=0.00 | Spatial spread=8.49"
788027,Theo Hernández,France,D,28.8,255.0,6.359999999999999,21000000.0,EUR,0,Safe-Possession Defender,Left Full-Back Channel,Left Possession Full-Back,Left Wide,Deeper Half,Highly Fixed,82.8,5,225,45.1618,83.0809,1.8621,2.7259,3.3012,0.0,1.0,0.0,0.0,0.0,0.0,0.2089,0.7911,0.7911,0.2089,0.2325,0.9163,"Statistical archetype: Safe-Possession Defender | Spatial profile: Left Full-Back Channel | Mean position: X=45.2, Y=83.1 | Wide=0.79, Half-space=0.21, Central=0.00 | Spatial spread=3.30"
873106,Hiroki Itō,Japan,D,27.2,360.0,6.7,19800000.0,EUR,0,Safe-Possession Defender,Left Defensive Full-Back Zone,Left Possession Full-Back,Left Wide,Deeper Half,Positionally Stable,80.05,4,293,40.4051,83.1154,4.858,0.3907,4.8737,0.1911,0.8089,0.0,0.0,0.0,0.0,0.0,1.0,1.0,0.0,0.1703,0.93,"Statistical archetype: Safe-Possession Defender | Spatial profile: Left Defensive Full-Back Zone | Mean position: X=40.4, Y=83.1 | Wide=1.00, Half-space=0.00, Central=0.00 | Spatial spread=4.87"
844942,Gideon Mensah,Ghana,D,28.0,360.0,6.975,3700000.0,EUR,0,Safe-Possession Defender,Left Defensive Full-Back Zone,Left Possession Full-Back,Left Wide,Deeper Half,Positionally Stable,79.57,4,285,39.3288,84.707,6.0858,1.3931,6.2432,0.1825,0.8175,0.0,0.0,0.0,0.0,0.0,1.0,1.0,0.0,0.1381,0.93,"Statistical archetype: Safe-Possession Defender | Spatial profile: Left Defensive Full-Back Zone | Mean position: X=39.3, Y=84.7 | Wide=1.00, Half-space=0.00, Central=0.00 | Spatial spread=6.24"
860307,Facundo Medina,Argentina,D,27.1,309.0,6.940453074433656,16300000.0,EUR,0,Safe-Possession Defender,Left Full-Back Channel,Left Possession Full-Back,Left Wide,Deeper Half,Positionally Stable,76.8,4,230,46.5978,81.5457,5.2857,3.1469,6.1515,0.0,1.0,0.0,0.0,0.0,0.0,0.1609,0.8391,0.8391,0.1609,0.1398,0.898,"Statistical archetype: Safe-Possession Defender | Spatial profile: Left Full-Back Channel | Mean position: X=46.6, Y=81.5 | Wide=0.84, Half-space=0.16, Central=0.00 | Spatial spread=6.15"
961684,Anass Salah-Eddine,Morocco,D,24.5,212.0,6.502358490566038,11100000.0,EUR,0,Safe-Possession Defender,Left Defensive Full-Back Zone,Left Possession Full-Back,Left Wide,Deeper Half,Mobile,74.33,4,214,42.7935,82.6084,6.0488,3.5305,7.0038,0.243,0.757,0.0,0.0,0.0,0.0,0.243,0.757,0.757,0.243,0.1249,0.8724,"Statistical archetype: Safe-Possession Defender | Spatial profile: Left Defensive Full-Back Zone | Mean position: X=42.8, Y=82.6 | Wide=0.76, Half-space=0.24, Central=0.00 | Spatial spread=7.00"
998247,Micky van de Ven,Netherlands,D,25.2,266.0,6.6,49000000.0,EUR,0,Safe-Possession Defender,Left Full-Back Channel,Left Possession Full-Back,Left Wide,Deeper Half,Highly Fixed,62.67,3,173,49.2139,84.6168,3.252,0.8131,3.3521,0.0,1.0,0.0,0.0,0.0,0.0,0.0,1.0,1.0,0.0,0.2298,0.7368,"Statistical archetype: Safe-Possession Defender | Spatial profile: Left Full-Back Channel | Mean position: X=49.2, Y=84.6 | Wide=1.00, Half-space=0.00, Central=0.00 | Spatial spread=3.35"
1022679,Moteb Al-Harbi,Saudi Arabia,D,26.4,187.0,6.21336898395722,1400000.0,EUR,0,Safe-Possession Defender,Left Defensive Full-Back Zone,Left Possession Full-Back,Left Wide,Deeper Half,Positionally Stable,54.37,3,124,39.4984,85.3379,5.8471,2.7456,6.4596,0.0,1.0,0.0,0.0,0.0,0.0,0.0,1.0,1.0,0.0,0.1341,0.6584,"Statistical archetype: Safe-Possession Defender | Spatial profile: Left Defensive Full-Back Zone | Mean position: X=39.5, Y=85.3 | Wide=1.00, Half-space=0.00, Central=0.00 | Spatial spread=6.46"
1142703,Nico O'Reilly,England,D,21.3,462.0,6.512987012987013,76000000.0,EUR,3,Ball-Carrying Defender,Left Full-Back Channel,Left Progressive Full-Back,Left Wide,Advanced Middle Third,Positionally Stable,86.88,6,344,51.1256,80.0698,5.6547,4.0647,6.964,0.0,1.0,0.0,0.0,0.0,0.0,0.2994,0.7006,0.7006,0.2994,0.1256,1.0,"Statistical archetype: Ball-Carrying Defender | Spatial profile: Left Full-Back Channel | Mean position: X=51.1, Y=80.1 | Wide=0.70, Half-space=0.30, Central=0.00 | Spatial spread=6.96"
841802,Andrés Andrade,Panama,D,27.8,270.0,7.0,2400000.0,EUR,3,Ball-Carrying Defender,Left Defensive Full-Back Zone,Left Progressive Full-Back,Left Half-Space,Deeper Half,Positionally Stable,72.51,3,290,37.2866,79.0883,4.2163,2.6613,4.986,0.2345,0.7655,0.0,0.0,0.0,0.0,0.5345,0.4655,0.4655,0.5345,0.1671,0.86,"Statistical archetype: Ball-Carrying Defender | Spatial profile: Left Defensive Full-Back Zone | Mean position: X=37.3, Y=79.1 | Wide=0.47, Half-space=0.53, Central=0.00 | Spatial spread=4.99"
818481,Jhon Lucumí,Colombia,D,28.1,479.0,7.1315240083507305,23000000.0,EUR,3,Ball-Carrying Defender,Left Wide Centre-Back Lane,Left Wide Centre-Back,Left Half-Space,Deep Build-Up,Highly Fixed,88.24,5,374,34.5334,67.9893,2.1506,2.9164,3.6236,0.4733,0.5267,0.0,0.0,0.0,0.0,1.0,0.0,0.0,1.0,0.2163,1.0,"Statistical archetype: Ball-Carrying Defender | Spatial profile: Left Wide Centre-Back Lane | Mean position: X=34.5, Y=68.0 | Wide=0.00, Half-space=1.00, Central=0.00 | Spatial spread=3.62"
1087359,Renato Veiga,Portugal,D,23.0,450.0,7.18,24000000.0,EUR,3,Ball-Carrying Defender,Left Wide Centre-Back Lane,Left Wide Centre-Back,Left Half-Space,Deeper Half,Positionally Stable,87.39,5,453,37.1355,65.9174,4.3442,2.9876,5.2724,0.3598,0.6402,0.0,0.0,0.0,0.0,1.0,0.0,0.0,1.0,0.1594,1.0,"Statistical archetype: Ball-Carrying Defender | Spatial profile: Left Wide Centre-Back Lane | Mean position: X=37.1, Y=65.9 | Wide=0.00, Half-space=1.00, Central=0.00 | Spatial spread=5.27"
859999,Lisandro Martínez,Argentina,D,28.5,626.0,7.451437699680512,42000000.0,EUR,3,Ball-Carrying Defender,Left Wide Centre-Back Lane,Left Wide Centre-Back,Left Half-Space,Deeper Half,Positionally Stable,87.24,7,608,40.74,67.448,5.4583,1.6064,5.6898,0.0658,0.9342,0.0,0.0,0.0,0.0,1.0,0.0,0.0,1.0,0.1495,1.0,"Statistical archetype: Ball-Carrying Defender | Spatial profile: Left Wide Centre-Back Lane | Mean position: X=40.7, Y=67.4 | Wide=0.00, Half-space=1.00, Central=0.00 | Spatial spread=5.69"
869792,Gabriel Magalhães,Brazil,D,28.6,450.0,7.36,70000000.0,EUR,3,Ball-Carrying Defender,Left Wide Centre-Back Lane,Left Wide Centre-Back,Left Half-Space,Deeper Half,Positionally Stable,86.9,5,534,38.7242,66.3431,6.2065,2.9975,6.8925,0.2978,0.7022,0.0,0.0,0.0,0.0,1.0,0.0,0.0,1.0,0.1267,1.0,"Statistical archetype: Ball-Carrying Defender | Spatial profile: Left Wide Centre-Back Lane | Mean position: X=38.7, Y=66.3 | Wide=0.00, Half-space=1.00, Central=0.00 | Spatial spread=6.89"
149734,Aymeric Laporte,Spain,D,32.1,728.0,7.395741758241757,8400000.0,EUR,3,Ball-Carrying Defender,Left Wide Centre-Back Lane,Left Wide Centre-Back,Left Half-Space,Deeper Half,Mobile,86.76,8,818,41.1377,68.0696,7.3464,1.5211,7.5023,0.1161,0.8839,0.0,0.0,0.0,0.0,1.0,0.0,0.0,1.0,0.1176,1.0,"Statistical archetype: Ball-Carrying Defender | Spatial profile: Left Wide Centre-Back Lane | Mean position: X=41.1, Y=68.1 | Wide=0.00, Half-space=1.00, Central=0.00 | Spatial spread=7.50"
877994,Marc Guéhi,England,D,26.0,669.0,7.09372197309417,66000000.0,EUR,3,Ball-Carrying Defender,Left Wide Centre-Back Lane,Left Wide Centre-Back,Left Half-Space,Deeper Half,Mobile,86.76,7,660,39.5702,65.5626,7.1556,2.3422,7.5292,0.3288,0.6712,0.0,0.0,0.0,0.0,1.0,0.0,0.0,1.0,0.1172,1.0,"Statistical archetype: Ball-Carrying Defender | Spatial profile: Left Wide Centre-Back Lane | Mean position: X=39.6, Y=65.6 | Wide=0.00, Half-space=1.00, Central=0.00 | Spatial spread=7.53"
383560,Manuel Akanji,Switzerland,D,31.0,600.0,7.0,15500000.0,EUR,3,Ball-Carrying Defender,Left Wide Centre-Back Lane,Left Wide Centre-Back,Left Half-Space,Deeper Half,Mobile,86.75,6,616,35.9227,63.2984,6.9215,3.0128,7.5488,0.5081,0.4919,0.0,0.0,0.0,0.1964,0.8036,0.0,0.0,0.8036,0.117,1.0,"Statistical archetype: Ball-Carrying Defender | Spatial profile: Left Wide Centre-Back Lane | Mean position: X=35.9, Y=63.3 | Wide=0.00, Half-space=0.80, Central=0.20 | Spatial spread=7.55"
118179,Tim Ream,USA,D,38.8,360.0,6.85,145000.0,EUR,3,Ball-Carrying Defender,Left Wide Centre-Back Lane,Left Wide Centre-Back,Left Half-Space,Deeper Half,Highly Fixed,81.75,4,380,38.8726,70.7826,1.0747,2.2947,2.5339,0.0,1.0,0.0,0.0,0.0,0.0,1.0,0.0,0.0,1.0,0.283,0.93,"Statistical archetype: Ball-Carrying Defender | Spatial profile: Left Wide Centre-Back Lane | Mean position: X=38.9, Y=70.8 | Wide=0.00, Half-space=1.00, Central=0.00 | Spatial spread=2.53"
577726,Ramy Bensebaini,Algeria,D,31.3,360.0,6.8,7400000.0,EUR,3,Ball-Carrying Defender,Left Wide Centre-Back Lane,Left Wide Centre-Back,Left Half-Space,Deeper Half,Highly Fixed,81.12,4,504,39.2417,68.954,1.9518,2.4612,3.1412,0.0,1.0,0.0,0.0,0.0,0.0,1.0,0.0,0.0,1.0,0.2415,0.93,"Statistical archetype: Ball-Carrying Defender | Spatial profile: Left Wide Centre-Back Lane | Mean position: X=39.2, Y=69.0 | Wide=0.00, Half-space=1.00, Central=0.00 | Spatial spread=3.14"
758168,Moussa Niakhaté,Senegal,D,30.4,390.0,7.038461538461538,14600000.0,EUR,3,Ball-Carrying Defender,Left Wide Centre-Back Lane,Left Wide Centre-Back,Left Half-Space,Deeper Half,Highly Fixed,80.91,4,377,36.6578,69.778,3.2915,0.8645,3.4031,0.2467,0.7533,0.0,0.0,0.0,0.0,1.0,0.0,0.0,1.0,0.2271,0.93,"Statistical archetype: Ball-Carrying Defender | Spatial profile: Left Wide Centre-Back Lane | Mean position: X=36.7, Y=69.8 | Wide=0.00, Half-space=1.00, Central=0.00 | Spatial spread=3.40"
66492,David Alaba,Austria,D,34.1,278.0,7.042805755395684,2700000.0,EUR,3,Ball-Carrying Defender,Left Wide Centre-Back Lane,Left Wide Centre-Back,Left Half-Space,Deeper Half,Positionally Stable,79.8,4,267,37.7487,67.7828,5.269,1.6709,5.5276,0.2846,0.7154,0.0,0.0,0.0,0.0,1.0,0.0,0.0,1.0,0.1532,0.93,"Statistical archetype: Ball-Carrying Defender | Spatial profile: Left Wide Centre-Back Lane | Mean position: X=37.7, Y=67.8 | Wide=0.00, Half-space=1.00, Central=0.00 | Spatial spread=5.53"
142622,Antonio Rüdiger,Germany,D,33.4,262.0,6.909923664122138,6200000.0,EUR,3,Ball-Carrying Defender,Left Wide Centre-Back Lane,Left Wide Centre-Back,Left Half-Space,Deeper Half,Free-Roaming,78.61,4,301,42.3399,64.1229,5.7612,11.155,12.5548,0.0698,0.9302,0.0,0.0,0.0,0.1993,0.8007,0.0,0.0,0.8007,0.0738,0.93,"Statistical archetype: Ball-Carrying Defender | Spatial profile: Left Wide Centre-Back Lane | Mean position: X=42.3, Y=64.1 | Wide=0.00, Half-space=0.80, Central=0.20 | Spatial spread=12.55"
1103520,Gi-Hyuk Lee,South Korea,D,26.0,270.0,7.133333333333334,825000.0,EUR,3,Ball-Carrying Defender,Left Wide Centre-Back Lane,Left Wide Centre-Back,Left Half-Space,Deeper Half,Highly Fixed,73.12,3,334,40.6213,74.2249,2.8152,2.5745,3.8149,0.0,1.0,0.0,0.0,0.0,0.0,1.0,0.0,0.0,1.0,0.2077,0.86,"Statistical archetype: Ball-Carrying Defender | Spatial profile: Left Wide Centre-Back Lane | Mean position: X=40.6, Y=74.2 | Wide=0.00, Half-space=1.00, Central=0.00 | Spatial spread=3.81"
805078,Mathías Olivera,Uruguay,D,28.7,270.0,7.0,14500000.0,EUR,3,Ball-Carrying Defender,Left Inverted Defensive Lane,Left Wide Centre-Back,Left Half-Space,Deeper Half,Positionally Stable,72.92,3,317,48.3246,66.7489,3.7174,1.827,4.1421,0.0,1.0,0.0,0.0,0.0,0.0,1.0,0.0,0.0,1.0,0.1945,0.86,"Statistical archetype: Ball-Carrying Defender | Spatial profile: Left Inverted Defensive Lane | Mean position: X=48.3, Y=66.7 | Wide=0.00, Half-space=1.00, Central=0.00 | Spatial spread=4.14"
847467,Marin Pongračić,Croatia,D,28.9,270.0,6.566666666666666,5900000.0,EUR,3,Ball-Carrying Defender,Left Wide Centre-Back Lane,Left Wide Centre-Back,Left Half-Space,Deep Build-Up,Positionally Stable,72.52,3,272,31.4092,63.0033,4.6602,1.6995,4.9604,0.6287,0.3713,0.0,0.0,0.0,0.0,1.0,0.0,0.0,1.0,0.1678,0.86,"Statistical archetype: Ball-Carrying Defender | Spatial profile: Left Wide Centre-Back Lane | Mean position: X=31.4, Y=63.0 | Wide=0.00, Half-space=1.00, Central=0.00 | Spatial spread=4.96"
178963,Abdülkerim Bardakcı,Türkiye,D,31.9,266.0,7.152631578947368,7100000.0,EUR,3,Ball-Carrying Defender,Left Wide Centre-Back Lane,Left Wide Centre-Back,Left Half-Space,Deeper Half,Positionally Stable,72.29,3,342,42.3383,71.8225,5.5264,0.4796,5.5472,0.2105,0.7895,0.0,0.0,0.0,0.0,1.0,0.0,0.0,1.0,0.1527,0.86,"Statistical archetype: Ball-Carrying Defender | Spatial profile: Left Wide Centre-Back Lane | Mean position: X=42.3, Y=71.8 | Wide=0.00, Half-space=1.00, Central=0.00 | Spatial spread=5.55"
965778,Arthur Theate,Belgium,D,26.1,227.0,6.918942731277532,16500000.0,EUR,3,Ball-Carrying Defender,Left Wide Centre-Back Lane,Left Wide Centre-Back,Left Half-Space,Deeper Half,Highly Fixed,70.3,3,210,39.0852,68.6243,1.3302,0.7849,1.5445,0.0,1.0,0.0,0.0,0.0,0.0,1.0,0.0,0.0,1.0,0.393,0.796,"Statistical archetype: Ball-Carrying Defender | Spatial profile: Left Wide Centre-Back Lane | Mean position: X=39.1, Y=68.6 | Wide=0.00, Half-space=1.00, Central=0.00 | Spatial spread=1.54"
1184541,Alexander Freeman,USA,D,21.9,373.0,7.46514745308311,3200000.0,EUR,1,Aerial Enforcer,Right Full-Back Channel,Right Aerial Full-Back,Right Wide,Deeper Half,Highly Fixed,88.35,5,428,47.8998,18.414,3.2541,1.2343,3.4803,0.0,1.0,0.0,0.722,0.278,0.0,0.0,0.0,0.722,0.278,0.2232,1.0,"Statistical archetype: Aerial Enforcer | Spatial profile: Right Full-Back Channel | Mean position: X=47.9, Y=18.4 | Wide=0.72, Half-space=0.28, Central=0.00 | Spatial spread=3.48"
989801,Juan Cáceres,Paraguay,D,26.1,439.0,6.906833712984055,4500000.0,EUR,1,Aerial Enforcer,Right Defensive Full-Back Zone,Right Aerial Full-Back,Right Wide,Deeper Half,Positionally Stable,87.47,5,329,35.1514,15.6255,4.2446,2.7849,5.0767,0.5745,0.4255,0.0,1.0,0.0,0.0,0.0,0.0,1.0,0.0,0.1646,1.0,"Statistical archetype: Aerial Enforcer | Spatial profile: Right Defensive Full-Back Zone | Mean position: X=35.2, Y=15.6 | Wide=1.00, Half-space=0.00, Central=0.00 | Spatial spread=5.08"
827212,Jules Koundé,France,D,27.7,610.0,6.799508196721312,64000000.0,EUR,1,Aerial Enforcer,Right Full-Back Channel,Right Aerial Full-Back,Right Wide,Advanced Middle Third,Positionally Stable,87.03,7,513,50.5776,16.7513,5.5001,3.2448,6.3859,0.0,1.0,0.0,0.7193,0.2807,0.0,0.0,0.0,0.7193,0.2807,0.1354,1.0,"Statistical archetype: Aerial Enforcer | Spatial profile: Right Full-Back Channel | Mean position: X=50.6, Y=16.8 | Wide=0.72, Half-space=0.28, Central=0.00 | Spatial spread=6.39"
355486,Stefan Posch,Austria,D,29.2,333.0,5.724024024024024,6200000.0,EUR,1,Aerial Enforcer,Right Full-Back Channel,Right Aerial Full-Back,Right Wide,Deeper Half,Positionally Stable,78.0,4,240,47.3396,16.2204,6.7166,1.5474,6.8925,0.0,1.0,0.0,1.0,0.0,0.0,0.0,0.0,1.0,0.0,0.1267,0.914,"Statistical archetype: Aerial Enforcer | Spatial profile: Right Full-Back Channel | Mean position: X=47.3, Y=16.2 | Wide=1.00, Half-space=0.00, Central=0.00 | Spatial spread=6.89"
1002448,Han-Beom Lee,South Korea,D,24.1,270.0,6.733333333333333,2800000.0,EUR,1,Aerial Enforcer,Right Defensive Full-Back Zone,Right Aerial Full-Back,Right Half-Space,Deeper Half,Highly Fixed,73.47,3,296,41.5899,20.5128,3.3049,0.2884,3.3174,0.0,1.0,0.0,0.0,1.0,0.0,0.0,0.0,0.0,1.0,0.2316,0.86,"Statistical archetype: Aerial Enforcer | Spatial profile: Right Defensive Full-Back Zone | Mean position: X=41.6, Y=20.5 | Wide=0.00, Half-space=1.00, Central=0.00 | Spatial spread=3.32"
311456,Guillermo Varela,Uruguay,D,33.3,270.0,6.466666666666667,1300000.0,EUR,1,Aerial Enforcer,Right Overlapping Channel,Right Aerial Full-Back,Right Wide,Advanced Middle Third,Positionally Stable,66.44,3,206,55.0485,16.2995,4.714,0.7758,4.7774,0.0,1.0,0.0,1.0,0.0,0.0,0.0,0.0,1.0,0.0,0.1731,0.7896,"Statistical archetype: Aerial Enforcer | Spatial profile: Right Overlapping Channel | Mean position: X=55.0, Y=16.3 | Wide=1.00, Half-space=0.00, Central=0.00 | Spatial spread=4.78"
1102791,Amar Dedić,Bosnia & Herzegovina,D,23.9,270.0,6.433333333333334,15500000.0,EUR,1,Aerial Enforcer,Right Defensive Full-Back Zone,Right Aerial Full-Back,Right Half-Space,Deeper Half,Mobile,65.07,3,202,38.4797,24.546,4.9328,5.4835,7.3757,0.0,1.0,0.0,0.3416,0.6584,0.0,0.0,0.0,0.3416,0.6584,0.1194,0.7832,"Statistical archetype: Aerial Enforcer | Spatial profile: Right Defensive Full-Back Zone | Mean position: X=38.5, Y=24.5 | Wide=0.34, Half-space=0.66, Central=0.00 | Spatial spread=7.38"
805427,Gustavo Velázquez,Paraguay,D,35.3,244.0,6.759426229508197,435000.0,EUR,1,Aerial Enforcer,Right Defensive Full-Back Zone,Right Aerial Full-Back,Right Half-Space,Deeper Half,Positionally Stable,63.79,5,144,36.4812,23.1403,3.455,5.2309,6.269,0.1736,0.8264,0.0,0.1667,0.8333,0.0,0.0,0.0,0.1667,0.8333,0.1376,0.6617,"Statistical archetype: Aerial Enforcer | Spatial profile: Right Defensive Full-Back Zone | Mean position: X=36.5, Y=23.1 | Wide=0.17, Half-space=0.83, Central=0.00 | Spatial spread=6.27"
804434,Takehiro Tomiyasu,Japan,D,27.7,184.0,7.44891304347826,5400000.0,EUR,1,Aerial Enforcer,Right Defensive Full-Back Zone,Right Aerial Full-Back,Right Half-Space,Deeper Half,Mobile,62.76,3,185,43.6016,21.3622,5.8686,3.9349,7.0657,0.0,1.0,0.0,0.5189,0.4811,0.0,0.0,0.0,0.5189,0.4811,0.124,0.756,"Statistical archetype: Aerial Enforcer | Spatial profile: Right Defensive Full-Back Zone | Mean position: X=43.6, Y=21.4 | Wide=0.52, Half-space=0.48, Central=0.00 | Spatial spread=7.07"
1003339,Jarell Quansah,England,D,23.5,200.0,6.3260000000000005,48000000.0,EUR,1,Aerial Enforcer,Right Defensive Full-Back Zone,Right Aerial Full-Back,Right Wide,Deeper Half,Positionally Stable,59.37,3,158,41.1791,17.3785,5.3767,1.7866,5.6658,0.0,1.0,0.0,1.0,0.0,0.0,0.0,0.0,1.0,0.0,0.15,0.7128,"Statistical archetype: Aerial Enforcer | Spatial profile: Right Defensive Full-Back Zone | Mean position: X=41.2, Y=17.4 | Wide=1.00, Half-space=0.00, Central=0.00 | Spatial spread=5.67"
976251,Omar Rekik,Tunisia,D,24.6,180.0,6.35,515000.0,EUR,1,Aerial Enforcer,Right Defensive Full-Back Zone,Right Aerial Full-Back,Right Half-Space,Deeper Half,Free-Roaming,48.1,2,142,42.1803,38.5352,1.203,19.8058,19.8423,0.0,1.0,0.0,0.4648,0.0,0.5352,0.0,0.0,0.4648,0.0,0.048,0.6172,"Statistical archetype: Aerial Enforcer | Spatial profile: Right Defensive Full-Back Zone | Mean position: X=42.2, Y=38.5 | Wide=0.46, Half-space=0.00, Central=0.54 | Spatial spread=19.84"
913654,Pedro Porro,Spain,D,26.8,564.0,7.4244680851063825,32000000.0,EUR,2,Attacking Full-Back,Right Full-Back Channel,Right Attacking Full-Back,Right Wide,Advanced Middle Third,Positionally Stable,87.65,6,597,50.6779,15.232,4.4617,1.3602,4.6644,0.0,1.0,0.0,1.0,0.0,0.0,0.0,0.0,1.0,0.0,0.1765,1.0,"Statistical archetype: Attacking Full-Back | Spatial profile: Right Full-Back Channel | Mean position: X=50.7, Y=15.2 | Wide=1.00, Half-space=0.00, Central=0.00 | Spatial spread=4.66"
138892,João Cancelo,Portugal,D,32.1,314.0,6.810828025477707,8600000.0,EUR,2,Attacking Full-Back,Right Full-Back Channel,Right Attacking Full-Back,Right Half-Space,Advanced Middle Third,Positionally Stable,87.24,5,298,51.1866,24.4772,3.7575,4.2648,5.684,0.0,1.0,0.0,0.1544,0.8456,0.0,0.0,0.0,0.1544,0.8456,0.1496,1.0,"Statistical archetype: Attacking Full-Back | Spatial profile: Right Full-Back Channel | Mean position: X=51.2, Y=24.5 | Wide=0.15, Half-space=0.85, Central=0.00 | Spatial spread=5.68"
814594,Achraf Hakimi,Morocco,D,27.7,570.0,6.963157894736842,82000000.0,EUR,2,Attacking Full-Back,Right Full-Back Channel,Right Attacking Full-Back,Right Wide,Advanced Middle Third,Positionally Stable,87.08,6,672,53.3195,17.3283,5.5424,2.8294,6.2229,0.0,1.0,0.0,0.8199,0.1801,0.0,0.0,0.0,0.8199,0.1801,0.1384,1.0,"Statistical archetype: Attacking Full-Back | Spatial profile: Right Full-Back Channel | Mean position: X=53.3, Y=17.3 | Wide=0.82, Half-space=0.18, Central=0.00 | Spatial spread=6.22"
124992,Danilo,Brazil,D,35.0,405.0,6.622222222222222,2600000.0,EUR,2,Attacking Full-Back,Right Full-Back Channel,Right Attacking Full-Back,Right Wide,Deeper Half,Positionally Stable,86.94,5,402,46.498,19.5699,6.1582,2.7693,6.7522,0.0,1.0,0.0,0.4502,0.5498,0.0,0.0,0.0,0.4502,0.5498,0.129,1.0,"Statistical archetype: Attacking Full-Back | Spatial profile: Right Full-Back Channel | Mean position: X=46.5, Y=19.6 | Wide=0.45, Half-space=0.55, Central=0.00 | Spatial spread=6.75"
329417,Timothy Castagne,Belgium,D,30.6,478.0,6.886610878661088,7600000.0,EUR,2,Attacking Full-Back,Right Full-Back Channel,Right Attacking Full-Back,Right Half-Space,Deeper Half,Free-Roaming,85.62,6,395,46.5309,29.7076,3.1364,23.0898,23.3018,0.0,1.0,0.0,0.5924,0.2633,0.0,0.0,0.1443,0.7367,0.2633,0.0411,1.0,"Statistical archetype: Attacking Full-Back | Spatial profile: Right Full-Back Channel | Mean position: X=46.5, Y=29.7 | Wide=0.74, Half-space=0.26, Central=0.00 | Spatial spread=23.30"
1002033,Guéla Doué,Côte d'Ivoire,D,23.8,277.0,7.105415162454873,21000000.0,EUR,2,Attacking Full-Back,Right Full-Back Channel,Right Attacking Full-Back,Right Wide,Deeper Half,Highly Fixed,81.15,4,259,46.6896,15.9653,1.852,2.4966,3.1085,0.0,1.0,0.0,1.0,0.0,0.0,0.0,0.0,1.0,0.0,0.2434,0.93,"Statistical archetype: Attacking Full-Back | Spatial profile: Right Full-Back Channel | Mean position: X=46.7, Y=16.0 | Wide=1.00, Half-space=0.00, Central=0.00 | Spatial spread=3.11"
839493,Amir Murillo,Panama,D,30.4,270.0,6.933333333333334,6600000.0,EUR,2,Attacking Full-Back,Right Full-Back Channel,Right Attacking Full-Back,Right Wide,Deeper Half,Mobile,67.28,3,219,48.074,15.1817,7.3117,3.8736,8.2745,0.0,1.0,0.0,0.6849,0.3151,0.0,0.0,0.0,0.6849,0.3151,0.1078,0.8104,"Statistical archetype: Attacking Full-Back | Spatial profile: Right Full-Back Channel | Mean position: X=48.1, Y=15.2 | Wide=0.68, Half-space=0.32, Central=0.00 | Spatial spread=8.27"
128587,Thomas Meunier,Belgium,D,34.9,190.0,6.565263157894737,1400000.0,EUR,2,Attacking Full-Back,Right Full-Back Channel,Right Attacking Full-Back,Right Wide,Advanced Middle Third,Highly Fixed,66.24,3,200,54.245,18.4155,3.6239,0.1144,3.6257,0.0,1.0,0.0,1.0,0.0,0.0,0.0,0.0,1.0,0.0,0.2162,0.78,"Statistical archetype: Attacking Full-Back | Spatial profile: Right Full-Back Channel | Mean position: X=54.2, Y=18.4 | Wide=1.00, Half-space=0.00, Central=0.00 | Spatial spread=3.63"
353138,Marcos Llorente,Spain,D,31.5,193.0,7.492746113989637,21000000.0,EUR,2,Attacking Full-Back,Right Full-Back Channel,Right Attacking Full-Back,Right Wide,Advanced Middle Third,Free-Roaming,64.5,3,203,52.2719,14.7709,12.8134,1.5223,12.9035,0.0,1.0,0.0,1.0,0.0,0.0,0.0,0.0,1.0,0.0,0.0719,0.7848,"Statistical archetype: Attacking Full-Back | Spatial profile: Right Full-Back Channel | Mean position: X=52.3, Y=14.8 | Wide=1.00, Half-space=0.00, Central=0.00 | Spatial spread=12.90"
155882,Tim Payne,New Zealand,D,32.5,227.0,6.052863436123348,340000.0,EUR,2,Attacking Full-Back,Right Defensive Full-Back Zone,Right Attacking Full-Back,Right Wide,Deeper Half,Positionally Stable,59.19,3,153,40.0536,17.0719,4.1143,1.5954,4.4128,0.0,1.0,0.0,1.0,0.0,0.0,0.0,0.0,1.0,0.0,0.1847,0.7048,"Statistical archetype: Attacking Full-Back | Spatial profile: Right Defensive Full-Back Zone | Mean position: X=40.1, Y=17.1 | Wide=1.00, Half-space=0.00, Central=0.00 | Spatial spread=4.41"
826202,Yan Valery,Tunisia,D,27.4,252.0,6.035714285714286,1500000.0,EUR,2,Attacking Full-Back,Right Full-Back Channel,Right Attacking Full-Back,Right Wide,Advanced Middle Third,Mobile,57.96,3,153,54.0294,10.2477,8.5108,2.0633,8.7574,0.0,1.0,0.0,1.0,0.0,0.0,0.0,0.0,1.0,0.0,0.1025,0.7048,"Statistical archetype: Attacking Full-Back | Spatial profile: Right Full-Back Channel | Mean position: X=54.0, Y=10.2 | Wide=1.00, Half-space=0.00, Central=0.00 | Spatial spread=8.76"
826545,Mohamed Hany,Egypt,D,30.5,480.0,6.35625,1400000.0,EUR,4,Defensive Stopper,Right Full-Back Channel,Right Defensive Full-Back,Right Wide,Deeper Half,Positionally Stable,87.83,5,445,45.1431,16.4283,3.79,2.0295,4.2992,0.0,1.0,0.0,1.0,0.0,0.0,0.0,0.0,1.0,0.0,0.1887,1.0,"Statistical archetype: Defensive Stopper | Spatial profile: Right Full-Back Channel | Mean position: X=45.1, Y=16.4 | Wide=1.00, Half-space=0.00, Central=0.00 | Spatial spread=4.30"
965263,Gustaf Lagerbielke,Sweden,D,26.3,360.0,6.475,10400000.0,EUR,4,Defensive Stopper,Right Defensive Full-Back Zone,Right Defensive Full-Back,Right Half-Space,Deeper Half,Positionally Stable,80.13,4,318,40.4764,24.3459,2.5262,3.9727,4.7079,0.0,1.0,0.0,0.2075,0.7925,0.0,0.0,0.0,0.2075,0.7925,0.1752,0.93,"Statistical archetype: Defensive Stopper | Spatial profile: Right Defensive Full-Back Zone | Mean position: X=40.5, Y=24.3 | Wide=0.21, Half-space=0.79, Central=0.00 | Spatial spread=4.71"
863653,Aaron Wan-Bissaka,DR Congo,D,28.6,355.0,7.001408450704226,14100000.0,EUR,4,Defensive Stopper,Right Defensive Full-Back Zone,Right Defensive Full-Back,Right Wide,Deeper Half,Highly Fixed,79.24,4,238,43.1924,16.8408,2.8232,1.8654,3.3838,0.0,1.0,0.0,1.0,0.0,0.0,0.0,0.0,1.0,0.0,0.2281,0.9108,"Statistical archetype: Defensive Stopper | Spatial profile: Right Defensive Full-Back Zone | Mean position: X=43.2, Y=16.8 | Wide=1.00, Half-space=0.00, Central=0.00 | Spatial spread=3.38"
936047,Khuliso Mudau,South Africa,D,31.2,360.0,6.825,1300000.0,EUR,4,Defensive Stopper,Right Defensive Full-Back Zone,Right Defensive Full-Back,Right Wide,Deeper Half,Mobile,79.2,4,308,39.3558,14.6325,7.6997,1.4365,7.8326,0.237,0.763,0.0,1.0,0.0,0.0,0.0,0.0,1.0,0.0,0.1132,0.93,"Statistical archetype: Defensive Stopper | Spatial profile: Right Defensive Full-Back Zone | Mean position: X=39.4, Y=14.6 | Wide=1.00, Half-space=0.00, Central=0.00 | Spatial spread=7.83"
822933,Gonzalo Montiel,Argentina,D,29.5,189.0,6.650793650793651,4800000.0,EUR,4,Defensive Stopper,Right Full-Back Channel,Right Defensive Full-Back,Right Wide,Advanced Middle Third,Mobile,66.03,6,140,50.8407,14.5971,10.367,2.9193,10.7702,0.0,1.0,0.0,1.0,0.0,0.0,0.0,0.0,1.0,0.0,0.085,0.7271,"Statistical archetype: Defensive Stopper | Spatial profile: Right Full-Back Channel | Mean position: X=50.8, Y=14.6 | Wide=1.00, Half-space=0.00, Central=0.00 | Spatial spread=10.77"
1087805,Marvin Senaya,Ghana,D,25.5,280.0,6.9278571428571425,3100000.0,EUR,4,Defensive Stopper,Right Defensive Full-Back Zone,Right Defensive Full-Back,Right Wide,Deeper Half,Highly Fixed,63.77,3,184,42.1418,13.3223,3.5876,1.7263,3.9814,0.0,1.0,0.0,1.0,0.0,0.0,0.0,0.0,1.0,0.0,0.2007,0.7544,"Statistical archetype: Defensive Stopper | Spatial profile: Right Defensive Full-Back Zone | Mean position: X=42.1, Y=13.3 | Wide=1.00, Half-space=0.00, Central=0.00 | Spatial spread=3.98"
884189,Pedro Miguel,Qatar,D,36.0,270.0,6.7,160000.0,EUR,4,Defensive Stopper,Right Defensive Full-Back Zone,Right Defensive Full-Back,Right Half-Space,Deep Build-Up,Mobile,58.2,3,156,32.8449,24.6417,9.4242,3.2994,9.9851,0.5513,0.4487,0.0,0.0,1.0,0.0,0.0,0.0,0.0,1.0,0.091,0.7096,"Statistical archetype: Defensive Stopper | Spatial profile: Right Defensive Full-Back Zone | Mean position: X=32.8, Y=24.6 | Wide=0.00, Half-space=1.00, Central=0.00 | Spatial spread=9.99"
881831,Abdulelah Al-Amri,Saudi Arabia,D,29.5,240.0,7.1125,1500000.0,EUR,2,Attacking Full-Back,Right Wide Centre-Back Lane,Right Inverted Attacking Full-Back,Right Half-Space,Deep Build-Up,Positionally Stable,59.86,3,159,34.0107,35.2994,3.6417,3.0844,4.7724,0.5409,0.4591,0.0,0.0,1.0,0.0,0.0,0.0,0.0,1.0,0.1732,0.7144,"Statistical archetype: Attacking Full-Back | Spatial profile: Right Wide Centre-Back Lane | Mean position: X=34.0, Y=35.3 | Wide=0.00, Half-space=1.00, Central=0.00 | Spatial spread=4.77"
984419,Alistair Johnston,Canada,D,27.8,450.0,7.02,7600000.0,EUR,2,Attacking Full-Back,Right Overlapping Channel,Right Overlapping Full-Back,Right Wide,Advanced Middle Third,Mobile,86.37,5,380,56.7158,18.6787,9.7048,2.1131,9.9322,0.0,0.7605,0.2395,0.5605,0.4395,0.0,0.0,0.0,0.5605,0.4395,0.0915,1.0,"Statistical archetype: Attacking Full-Back | Spatial profile: Right Overlapping Channel | Mean position: X=56.7, Y=18.7 | Wide=0.56, Half-space=0.44, Central=0.00 | Spatial spread=9.93"
906021,Sergiño Dest,USA,D,25.7,298.0,6.894966442953021,17200000.0,EUR,2,Attacking Full-Back,Right Overlapping Channel,Right Overlapping Full-Back,Right Wide,Advanced Middle Third,Mobile,77.88,5,188,64.6005,17.3606,7.891,3.5103,8.6366,0.0,0.4521,0.5479,0.9309,0.0691,0.0,0.0,0.0,0.9309,0.0691,0.1038,0.9008,"Statistical archetype: Attacking Full-Back | Spatial profile: Right Overlapping Channel | Mean position: X=64.6, Y=17.4 | Wide=0.93, Half-space=0.07, Central=0.00 | Spatial spread=8.64"
138024,Vladimír Coufal,Czechia,D,33.9,270.0,6.666666666666667,2400000.0,EUR,2,Attacking Full-Back,Right Overlapping Channel,Right Overlapping Full-Back,Right Wide,Advanced Middle Third,Highly Fixed,66.18,3,188,55.8569,17.6899,2.0408,0.4211,2.0838,0.0,1.0,0.0,1.0,0.0,0.0,0.0,0.0,1.0,0.0,0.3243,0.7608,"Statistical archetype: Attacking Full-Back | Spatial profile: Right Overlapping Channel | Mean position: X=55.9, Y=17.7 | Wide=1.00, Half-space=0.00, Central=0.00 | Spatial spread=2.08"
1019333,Young-woo Seol,South Korea,D,27.6,251.0,6.730278884462151,6700000.0,EUR,2,Attacking Full-Back,Right Overlapping Channel,Right Overlapping Full-Back,Right Half-Space,Advanced Middle Third,Free-Roaming,60.05,3,176,58.1619,35.1313,4.7376,35.3025,35.6189,0.0,1.0,0.0,0.7216,0.0,0.0,0.0,0.2784,1.0,0.0,0.0273,0.7416,"Statistical archetype: Attacking Full-Back | Spatial profile: Right Overlapping Channel | Mean position: X=58.2, Y=35.1 | Wide=1.00, Half-space=0.00, Central=0.00 | Spatial spread=35.62"
831799,Nahuel Molina,Argentina,D,28.3,531.0,6.407344632768362,14600000.0,EUR,0,Safe-Possession Defender,Right Defensive Full-Back Zone,Right Possession Full-Back,Right Wide,Deeper Half,Mobile,86.56,7,402,42.4896,14.4662,8.2244,2.615,8.6301,0.2164,0.7836,0.0,0.8731,0.1269,0.0,0.0,0.0,0.8731,0.1269,0.1038,1.0,"Statistical archetype: Safe-Possession Defender | Spatial profile: Right Defensive Full-Back Zone | Mean position: X=42.5, Y=14.5 | Wide=0.87, Half-space=0.13, Central=0.00 | Spatial spread=8.63"
927407,Josip Stanišić,Croatia,D,26.3,360.0,6.725,39000000.0,EUR,0,Safe-Possession Defender,Right Defensive Full-Back Zone,Right Possession Full-Back,Right Wide,Deeper Half,Positionally Stable,80.36,4,252,41.8333,13.9718,4.0189,1.3923,4.2533,0.0,1.0,0.0,1.0,0.0,0.0,0.0,0.0,1.0,0.0,0.1904,0.93,"Statistical archetype: Safe-Possession Defender | Spatial profile: Right Defensive Full-Back Zone | Mean position: X=41.8, Y=14.0 | Wide=1.00, Half-space=0.00, Central=0.00 | Spatial spread=4.25"
885908,Reece James,England,D,26.6,327.0,6.760244648318043,63000000.0,EUR,0,Safe-Possession Defender,Right Full-Back Channel,Right Possession Full-Back,Right Half-Space,Deeper Half,Positionally Stable,80.02,4,272,49.65,21.6691,3.5352,3.4644,4.9497,0.0,1.0,0.0,0.3787,0.6213,0.0,0.0,0.0,0.3787,0.6213,0.1681,0.93,"Statistical archetype: Safe-Possession Defender | Spatial profile: Right Full-Back Channel | Mean position: X=49.6, Y=21.7 | Wide=0.38, Half-space=0.62, Central=0.00 | Spatial spread=4.95"
832868,Jorge Sánchez,Mexico,D,28.6,349.0,6.702578796561604,1800000.0,EUR,0,Safe-Possession Defender,Right Full-Back Channel,Right Possession Full-Back,Right Wide,Deeper Half,Mobile,74.94,4,221,47.548,14.5072,8.7666,1.896,8.9693,0.0,1.0,0.0,1.0,0.0,0.0,0.0,0.0,1.0,0.0,0.1003,0.8836,"Statistical archetype: Safe-Possession Defender | Spatial profile: Right Full-Back Channel | Mean position: X=47.5, Y=14.5 | Wide=1.00, Half-space=0.00, Central=0.00 | Spatial spread=8.97"
287833,Steven Moreira,Cabo Verde,D,31.9,301.0,6.398671096345515,1500000.0,EUR,0,Safe-Possession Defender,Right Defensive Full-Back Zone,Right Possession Full-Back,Right Wide,Deeper Half,Free-Roaming,59.48,3,166,38.9705,17.4355,10.7488,2.5629,11.0502,0.6386,0.3614,0.0,0.6386,0.3614,0.0,0.0,0.0,0.6386,0.3614,0.083,0.7256,"Statistical archetype: Safe-Possession Defender | Spatial profile: Right Defensive Full-Back Zone | Mean position: X=39.0, Y=17.4 | Wide=0.64, Half-space=0.36, Central=0.00 | Spatial spread=11.05"
1020141,Nathan Patterson,Scotland,D,24.8,186.0,6.304301075268817,16300000.0,EUR,0,Safe-Possession Defender,Right Defensive Full-Back Zone,Right Possession Full-Back,Right Wide,Deeper Half,Positionally Stable,58.44,3,146,41.1233,15.313,3.5822,1.7862,4.0028,0.1027,0.8973,0.0,1.0,0.0,0.0,0.0,0.0,1.0,0.0,0.1999,0.6936,"Statistical archetype: Safe-Possession Defender | Spatial profile: Right Defensive Full-Back Zone | Mean position: X=41.1, Y=15.3 | Wide=1.00, Half-space=0.00, Central=0.00 | Spatial spread=4.00"
566102,Davinson Sánchez,Colombia,D,30.1,480.0,7.14375,16500000.0,EUR,3,Ball-Carrying Defender,Right Wide Centre-Back Lane,Right Wide Centre-Back,Right Half-Space,Deeper Half,Highly Fixed,88.51,5,497,35.1362,31.5099,2.8574,1.6041,3.2769,0.4185,0.5815,0.0,0.0,1.0,0.0,0.0,0.0,0.0,1.0,0.2338,1.0,"Statistical archetype: Ball-Carrying Defender | Spatial profile: Right Wide Centre-Back Lane | Mean position: X=35.1, Y=31.5 | Wide=0.00, Half-space=1.00, Central=0.00 | Spatial spread=3.28"
798583,Dayot Upamecano,France,D,27.7,661.0,7.260816944024206,65000000.0,EUR,3,Ball-Carrying Defender,Right Wide Centre-Back Lane,Right Wide Centre-Back,Right Half-Space,Deeper Half,Positionally Stable,87.41,8,650,39.14,33.1251,4.5013,2.6472,5.222,0.12,0.88,0.0,0.0,1.0,0.0,0.0,0.0,0.0,1.0,0.1607,1.0,"Statistical archetype: Ball-Carrying Defender | Spatial profile: Right Wide Centre-Back Lane | Mean position: X=39.1, Y=33.1 | Wide=0.00, Half-space=1.00, Central=0.00 | Spatial spread=5.22"
155995,Marquinhos,Brazil,D,32.2,450.0,7.32,27000000.0,EUR,3,Ball-Carrying Defender,Right Wide Centre-Back Lane,Right Wide Centre-Back,Right Half-Space,Deeper Half,Positionally Stable,87.11,5,461,38.6321,35.4145,5.3952,2.8715,6.1118,0.2256,0.7744,0.0,0.0,1.0,0.0,0.0,0.0,0.0,1.0,0.1406,1.0,"Statistical archetype: Ball-Carrying Defender | Spatial profile: Right Wide Centre-Back Lane | Mean position: X=38.6, Y=35.4 | Wide=0.00, Half-space=1.00, Central=0.00 | Spatial spread=6.11"
829932,Cristian Romero,Argentina,D,28.2,611.0,7.181178396072013,42000000.0,EUR,3,Ball-Carrying Defender,Right Wide Centre-Back Lane,Right Wide Centre-Back,Right Half-Space,Deeper Half,Positionally Stable,87.0,7,587,37.132,33.4981,5.4038,3.6148,6.5014,0.0886,0.9114,0.0,0.0,0.845,0.155,0.0,0.0,0.0,0.845,0.1333,1.0,"Statistical archetype: Ball-Carrying Defender | Spatial profile: Right Wide Centre-Back Lane | Mean position: X=37.1, Y=33.5 | Wide=0.00, Half-space=0.84, Central=0.15 | Spatial spread=6.50"
1402913,Pau Cubarsí,Spain,D,19.5,750.0,7.588,75000000.0,EUR,3,Ball-Carrying Defender,Right Wide Centre-Back Lane,Right Wide Centre-Back,Right Half-Space,Deeper Half,Positionally Stable,86.94,8,856,39.7973,33.2569,5.8993,3.2191,6.7204,0.0631,0.9369,0.0,0.0,1.0,0.0,0.0,0.0,0.0,1.0,0.1295,1.0,"Statistical archetype: Ball-Carrying Defender | Spatial profile: Right Wide Centre-Back Lane | Mean position: X=39.8, Y=33.3 | Wide=0.00, Half-space=1.00, Central=0.00 | Spatial spread=6.72"
282229,Nico Elvedi,Switzerland,D,29.8,600.0,7.03,7300000.0,EUR,3,Ball-Carrying Defender,Right Wide Centre-Back Lane,Right Wide Centre-Back,Right Half-Space,Deeper Half,Mobile,86.65,6,583,36.1269,34.2036,7.2978,3.4447,8.0699,0.506,0.494,0.0,0.0,1.0,0.0,0.0,0.0,0.0,1.0,0.1103,1.0,"Statistical archetype: Ball-Carrying Defender | Spatial profile: Right Wide Centre-Back Lane | Mean position: X=36.1, Y=34.2 | Wide=0.00, Half-space=1.00, Central=0.00 | Spatial spread=8.07"
827679,Ezri Konsa,England,D,28.7,647.0,6.902627511591963,42000000.0,EUR,3,Ball-Carrying Defender,Right Wide Centre-Back Lane,Right Wide Centre-Back,Right Half-Space,Deeper Half,Free-Roaming,86.19,8,618,40.4744,32.1,8.8614,7.4231,11.5597,0.2006,0.7994,0.0,0.1472,0.8528,0.0,0.0,0.0,0.1472,0.8528,0.0796,1.0,"Statistical archetype: Ball-Carrying Defender | Spatial profile: Right Wide Centre-Back Lane | Mean position: X=40.5, Y=32.1 | Wide=0.15, Half-space=0.85, Central=0.00 | Spatial spread=11.56"
74915,Nicolás Otamendi,Argentina,D,38.4,243.0,6.7213991769547325,1100000.0,EUR,3,Ball-Carrying Defender,Right Wide Centre-Back Lane,Right Wide Centre-Back,Right Half-Space,Deeper Half,Free-Roaming,83.42,6,258,36.5492,35.8442,5.5388,11.6725,12.9199,0.1473,0.8527,0.0,0.0814,0.6395,0.1783,0.1008,0.0,0.0814,0.7403,0.0718,0.9469,"Statistical archetype: Ball-Carrying Defender | Spatial profile: Right Wide Centre-Back Lane | Mean position: X=36.5, Y=35.8 | Wide=0.08, Half-space=0.74, Central=0.18 | Spatial spread=12.92"
931844,Chris Richards,USA,D,26.3,360.0,6.95,25000000.0,EUR,3,Ball-Carrying Defender,Right Wide Centre-Back Lane,Right Wide Centre-Back,Right Half-Space,Deeper Half,Highly Fixed,81.86,4,398,37.3852,38.6013,1.8176,1.6334,2.4437,0.0,1.0,0.0,0.0,0.7412,0.2588,0.0,0.0,0.0,0.7412,0.2904,0.93,"Statistical archetype: Ball-Carrying Defender | Spatial profile: Right Wide Centre-Back Lane | Mean position: X=37.4, Y=38.6 | Wide=0.00, Half-space=0.74, Central=0.26 | Spatial spread=2.44"
954836,Josip Šutalo,Croatia,D,26.4,360.0,6.775,13100000.0,EUR,3,Ball-Carrying Defender,Right Wide Centre-Back Lane,Right Wide Centre-Back,Right Half-Space,Deeper Half,Highly Fixed,80.66,4,347,35.528,31.3124,3.5236,1.2829,3.7499,0.4092,0.5908,0.0,0.0,1.0,0.0,0.0,0.0,0.0,1.0,0.2105,0.93,"Statistical archetype: Ball-Carrying Defender | Spatial profile: Right Wide Centre-Back Lane | Mean position: X=35.5, Y=31.3 | Wide=0.00, Half-space=1.00, Central=0.00 | Spatial spread=3.75"
122810,Aïssa Mandi,Algeria,D,34.7,360.0,6.65,1100000.0,EUR,3,Ball-Carrying Defender,Right Wide Centre-Back Lane,Right Wide Centre-Back,Right Half-Space,Deeper Half,Highly Fixed,80.57,4,476,40.2061,30.7895,3.5298,1.638,3.8913,0.0,1.0,0.0,0.0,1.0,0.0,0.0,0.0,0.0,1.0,0.2044,0.93,"Statistical archetype: Ball-Carrying Defender | Spatial profile: Right Wide Centre-Back Lane | Mean position: X=40.2, Y=30.8 | Wide=0.00, Half-space=1.00, Central=0.00 | Spatial spread=3.89"
318941,Rúben Dias,Portugal,D,29.2,360.0,7.25,60000000.0,EUR,3,Ball-Carrying Defender,Right Wide Centre-Back Lane,Right Wide Centre-Back,Right Half-Space,Deeper Half,Positionally Stable,79.51,4,351,37.6034,35.9145,5.0709,4.0211,6.4717,0.2222,0.7778,0.0,0.0,0.7778,0.2222,0.0,0.0,0.0,0.7778,0.1338,0.93,"Statistical archetype: Ball-Carrying Defender | Spatial profile: Right Wide Centre-Back Lane | Mean position: X=37.6, Y=35.9 | Wide=0.00, Half-space=0.78, Central=0.22 | Spatial spread=6.47"
962012,Jan Paul van Hecke,Netherlands,D,26.1,390.0,7.584615384615384,49000000.0,EUR,3,Ball-Carrying Defender,Right Wide Centre-Back Lane,Right Wide Centre-Back,Right Half-Space,Deeper Half,Mobile,79.32,4,464,46.8416,30.6416,5.3627,4.8819,7.252,0.0,1.0,0.0,0.0,1.0,0.0,0.0,0.0,0.0,1.0,0.1212,0.93,"Statistical archetype: Ball-Carrying Defender | Spatial profile: Right Wide Centre-Back Lane | Mean position: X=46.8, Y=30.6 | Wide=0.00, Half-space=1.00, Central=0.00 | Spatial spread=7.25"
1119487,Nathan Ngoy,Belgium,D,23.1,336.0,6.819642857142857,24000000.0,EUR,3,Ball-Carrying Defender,Right Wide Centre-Back Lane,Right Wide Centre-Back,Right Half-Space,Deeper Half,Mobile,78.89,4,312,38.6372,36.842,9.4607,2.442,9.7708,0.3782,0.6218,0.0,0.0,1.0,0.0,0.0,0.0,0.0,1.0,0.0928,0.93,"Statistical archetype: Ball-Carrying Defender | Spatial profile: Right Wide Centre-Back Lane | Mean position: X=38.6, Y=36.8 | Wide=0.00, Half-space=1.00, Central=0.00 | Spatial spread=9.77"
839638,Ricardo Adé,Haiti,D,36.2,270.0,6.6,310000.0,EUR,3,Ball-Carrying Defender,Right Wide Centre-Back Lane,Right Wide Centre-Back,Right Half-Space,Deep Build-Up,Mobile,67.5,3,219,34.8037,38.0936,4.3512,5.675,7.1511,0.3059,0.6941,0.0,0.0,0.7032,0.2968,0.0,0.0,0.0,0.7032,0.1227,0.8104,"Statistical archetype: Ball-Carrying Defender | Spatial profile: Right Wide Centre-Back Lane | Mean position: X=34.8, Y=38.1 | Wide=0.00, Half-space=0.70, Central=0.30 | Spatial spread=7.15"
576266,Philipp Lienhart,Austria,D,30.0,180.0,6.4,9600000.0,EUR,3,Ball-Carrying Defender,Right Wide Centre-Back Lane,Right Wide Centre-Back,Right Half-Space,Deeper Half,Positionally Stable,55.11,2,177,37.1576,35.6068,0.229,4.2966,4.3027,0.0,1.0,0.0,0.0,0.6271,0.3729,0.0,0.0,0.0,0.6271,0.1886,0.6732,"Statistical archetype: Ball-Carrying Defender | Spatial profile: Right Wide Centre-Back Lane | Mean position: X=37.2, Y=35.6 | Wide=0.00, Half-space=0.63, Central=0.37 | Spatial spread=4.30"
933264,Torbjørn Heggem,Norway,D,27.5,444.0,6.737837837837838,12200000.0,EUR,0,Safe-Possession Defender,Left Wide Centre-Back Lane,Safe Ball-Playing Centre-Back,Left Half-Space,Deep Build-Up,Highly Fixed,88.69,5,381,32.7507,68.4331,2.3707,1.9448,3.0664,0.7507,0.2493,0.0,0.0,0.0,0.0,1.0,0.0,0.0,1.0,0.2459,1.0,"Statistical archetype: Safe-Possession Defender | Spatial profile: Left Wide Centre-Back Lane | Mean position: X=32.8, Y=68.4 | Wide=0.00, Half-space=1.00, Central=0.00 | Spatial spread=3.07"
333441,Yasser Ibrahim,Egypt,D,33.4,466.0,6.811587982832617,270000.0,EUR,0,Safe-Possession Defender,Right Wide Centre-Back Lane,Safe Ball-Playing Centre-Back,Right Half-Space,Deep Build-Up,Highly Fixed,88.35,5,411,32.9051,34.2131,3.3825,0.7856,3.4725,0.2993,0.7007,0.0,0.0,1.0,0.0,0.0,0.0,0.0,1.0,0.2236,1.0,"Statistical archetype: Safe-Possession Defender | Spatial profile: Right Wide Centre-Back Lane | Mean position: X=32.9, Y=34.2 | Wide=0.00, Half-space=1.00, Central=0.00 | Spatial spread=3.47"
941168,William Saliba,France,D,25.3,480.0,6.94375,94000000.0,EUR,0,Safe-Possession Defender,Left Wide Centre-Back Lane,Safe Ball-Playing Centre-Back,Left Half-Space,Deeper Half,Positionally Stable,87.72,6,433,39.215,64.3238,4.0163,2.0608,4.5142,0.194,0.806,0.0,0.0,0.0,0.0,1.0,0.0,0.0,1.0,0.1814,1.0,"Statistical archetype: Safe-Possession Defender | Spatial profile: Left Wide Centre-Back Lane | Mean position: X=39.2, Y=64.3 | Wide=0.00, Half-space=1.00, Central=0.00 | Spatial spread=4.51"
825719,Issa Diop,Morocco,D,29.5,477.0,6.990566037735849,8199999.0,EUR,0,Safe-Possession Defender,Right Wide Centre-Back Lane,Safe Ball-Playing Centre-Back,Right Half-Space,Deep Build-Up,Positionally Stable,87.49,5,424,31.2217,28.3698,4.5595,2.0995,5.0196,0.6557,0.3443,0.0,0.0,1.0,0.0,0.0,0.0,0.0,1.0,0.1661,1.0,"Statistical archetype: Safe-Possession Defender | Spatial profile: Right Wide Centre-Back Lane | Mean position: X=31.2, Y=28.4 | Wide=0.00, Half-space=1.00, Central=0.00 | Spatial spread=5.02"
1064218,Chadi Riad,Morocco,D,23.3,345.0,6.765217391304348,14600000.0,EUR,0,Safe-Possession Defender,Left Wide Centre-Back Lane,Safe Ball-Playing Centre-Back,Left Half-Space,Deep Build-Up,Highly Fixed,81.09,4,283,33.8,65.8251,2.434,2.0513,3.1831,0.2862,0.7138,0.0,0.0,0.0,0.0,1.0,0.0,0.0,1.0,0.2391,0.93,"Statistical archetype: Safe-Possession Defender | Spatial profile: Left Wide Centre-Back Lane | Mean position: X=33.8, Y=65.8 | Wide=0.00, Half-space=1.00, Central=0.00 | Spatial spread=3.18"
2058228,Mbekezeli Mbokazi,South Africa,D,20.8,360.0,6.9,3800000.0,EUR,0,Safe-Possession Defender,Left Wide Centre-Back Lane,Safe Ball-Playing Centre-Back,Left Half-Space,Deep Build-Up,Positionally Stable,80.33,4,325,29.9985,69.5492,2.8695,3.2018,4.2995,0.8154,0.1846,0.0,0.0,0.0,0.0,1.0,0.0,0.0,1.0,0.1887,0.93,"Statistical archetype: Safe-Possession Defender | Spatial profile: Left Wide Centre-Back Lane | Mean position: X=30.0, Y=69.5 | Wide=0.00, Half-space=1.00, Central=0.00 | Spatial spread=4.30"
238612,Chancel Mbemba,DR Congo,D,31.9,360.0,6.8,1800000.0,EUR,0,Safe-Possession Defender,Right Wide Centre-Back Lane,Safe Ball-Playing Centre-Back,Right Half-Space,Deep Build-Up,Positionally Stable,80.15,4,253,32.1802,30.6059,3.0134,3.5586,4.663,0.6917,0.3083,0.0,0.0,1.0,0.0,0.0,0.0,0.0,1.0,0.1766,0.93,"Statistical archetype: Safe-Possession Defender | Spatial profile: Right Wide Centre-Back Lane | Mean position: X=32.2, Y=30.6 | Wide=0.00, Half-space=1.00, Central=0.00 | Spatial spread=4.66"
818406,César Montes,Mexico,D,29.4,315.0,7.1571428571428575,7800000.0,EUR,0,Safe-Possession Defender,Right Wide Centre-Back Lane,Safe Ball-Playing Centre-Back,Right Half-Space,Deeper Half,Positionally Stable,79.83,4,254,35.4252,37.6638,3.9179,3.7567,5.428,0.2244,0.7756,0.0,0.0,0.6732,0.3268,0.0,0.0,0.0,0.6732,0.1556,0.93,"Statistical archetype: Safe-Possession Defender | Spatial profile: Right Wide Centre-Back Lane | Mean position: X=35.4, Y=37.7 | Wide=0.00, Half-space=0.67, Central=0.33 | Spatial spread=5.43"
944068,Erik Lira,Mexico,D,26.2,346.0,7.009826589595376,13200000.0,EUR,0,Safe-Possession Defender,Central Centre-Back Zone,Safe Ball-Playing Centre-Back,Central Lane,Deeper Half,Positionally Stable,79.39,4,269,47.2703,46.4989,3.6166,5.9105,6.9292,0.0,1.0,0.0,0.0,0.3606,0.6394,0.0,0.0,0.0,0.3606,0.1261,0.93,"Statistical archetype: Safe-Possession Defender | Spatial profile: Central Centre-Back Zone | Mean position: X=47.3, Y=46.5 | Wide=0.00, Half-space=0.36, Central=0.64 | Spatial spread=6.93"
220833,Gustavo Gómez,Paraguay,D,33.2,480.0,6.76875,3300000.0,EUR,0,Safe-Possession Defender,Central Wide Centre-Back Lane,Safe Ball-Playing Centre-Back,Central Lane,Deep Build-Up,Positionally Stable,79.15,5,197,31.131,40.597,3.4783,6.0515,6.9799,0.4873,0.5127,0.0,0.0,0.4569,0.5431,0.0,0.0,0.0,0.4569,0.1253,0.909,"Statistical archetype: Safe-Possession Defender | Spatial profile: Central Wide Centre-Back Lane | Mean position: X=31.1, Y=40.6 | Wide=0.00, Half-space=0.46, Central=0.54 | Spatial spread=6.98"
143334,Victor Lindelöf,Sweden,D,32.0,357.0,6.2714285714285705,4800000.0,EUR,0,Safe-Possession Defender,Left Wide Centre-Back Lane,Safe Ball-Playing Centre-Back,Left Half-Space,Deeper Half,Mobile,79.0,4,266,36.1711,64.7553,4.1462,8.0206,9.0289,0.2368,0.7632,0.0,0.0,0.0,0.4474,0.5526,0.0,0.0,0.5526,0.0997,0.93,"Statistical archetype: Safe-Possession Defender | Spatial profile: Left Wide Centre-Back Lane | Mean position: X=36.2, Y=64.8 | Wide=0.00, Half-space=0.55, Central=0.45 | Spatial spread=9.03"
1507710,Ime Okon,South Africa,D,22.4,360.0,6.8,1900000.0,EUR,0,Safe-Possession Defender,Right Wide Centre-Back Lane,Safe Ball-Playing Centre-Back,Right Half-Space,Deep Build-Up,Free-Roaming,78.71,4,359,27.3331,34.7479,4.9865,10.2036,11.3569,0.7075,0.2925,0.0,0.0,0.805,0.195,0.0,0.0,0.0,0.805,0.0809,0.93,"Statistical archetype: Safe-Possession Defender | Spatial profile: Right Wide Centre-Back Lane | Mean position: X=27.3, Y=34.7 | Wide=0.00, Half-space=0.81, Central=0.20 | Spatial spread=11.36"
817979,Axel Tuanzebe,DR Congo,D,28.7,360.0,6.675,4600000.0,EUR,0,Safe-Possession Defender,Left Wide Centre-Back Lane,Safe Ball-Playing Centre-Back,Left Half-Space,Deep Build-Up,Mobile,76.31,4,231,28.1693,60.7494,5.1258,7.6495,9.208,0.658,0.342,0.0,0.0,0.0,0.329,0.671,0.0,0.0,0.671,0.098,0.8996,"Statistical archetype: Safe-Possession Defender | Spatial profile: Left Wide Centre-Back Lane | Mean position: X=28.2, Y=60.7 | Wide=0.00, Half-space=0.67, Central=0.33 | Spatial spread=9.21"
924889,Sebastián Cáceres,Uruguay,D,26.9,270.0,6.533333333333333,4099999.0,EUR,0,Safe-Possession Defender,Right Wide Centre-Back Lane,Safe Ball-Playing Centre-Back,Right Half-Space,Deeper Half,Highly Fixed,72.98,3,246,43.5508,32.0528,2.7427,1.7109,3.2326,0.0,1.0,0.0,0.0,1.0,0.0,0.0,0.0,0.0,1.0,0.2363,0.8536,"Statistical archetype: Safe-Possession Defender | Spatial profile: Right Wide Centre-Back Lane | Mean position: X=43.6, Y=32.1 | Wide=0.00, Half-space=1.00, Central=0.00 | Spatial spread=3.23"
1105688,José Córdoba,Panama,D,25.1,270.0,6.6,4700000.0,EUR,0,Safe-Possession Defender,Deep Central Defensive Line,Safe Ball-Playing Centre-Back,Central Lane,Deep Build-Up,Positionally Stable,72.02,3,267,31.182,55.9614,6.3657,0.9427,6.4352,0.7079,0.2921,0.0,0.0,0.0,1.0,0.0,0.0,0.0,0.0,0.1345,0.86,"Statistical archetype: Safe-Possession Defender | Spatial profile: Deep Central Defensive Line | Mean position: X=31.2, Y=56.0 | Wide=0.00, Half-space=0.00, Central=1.00 | Spatial spread=6.44"
805137,Omar Alderete,Paraguay,D,29.6,322.0,6.698136645962734,13800000.0,EUR,0,Safe-Possession Defender,Left Wide Centre-Back Lane,Safe Ball-Playing Centre-Back,Left Half-Space,Deep Build-Up,Mobile,67.98,4,172,30.3326,66.2052,5.7159,7.8658,9.7233,0.5349,0.4651,0.0,0.0,0.0,0.4651,0.5349,0.0,0.0,0.5349,0.0933,0.8052,"Statistical archetype: Safe-Possession Defender | Spatial profile: Left Wide Centre-Back Lane | Mean position: X=30.3, Y=66.2 | Wide=0.00, Half-space=0.53, Central=0.47 | Spatial spread=9.72"
879674,Maxence Lacroix,France,D,26.3,240.0,6.8,54000000.0,EUR,0,Safe-Possession Defender,Left Wide Centre-Back Lane,Safe Ball-Playing Centre-Back,Left Half-Space,Deep Build-Up,Highly Fixed,67.05,3,201,33.897,64.4204,1.4105,2.4558,2.832,0.3433,0.6567,0.0,0.0,0.0,0.0,1.0,0.0,0.0,1.0,0.261,0.7816,"Statistical archetype: Safe-Possession Defender | Spatial profile: Left Wide Centre-Back Lane | Mean position: X=33.9, Y=64.4 | Wide=0.00, Half-space=1.00, Central=0.00 | Spatial spread=2.83"
973437,Odilon Kossounou,Côte d'Ivoire,D,25.5,280.0,6.764285714285714,15500000.0,EUR,0,Safe-Possession Defender,Right Wide Centre-Back Lane,Safe Ball-Playing Centre-Back,Right Half-Space,Deep Build-Up,Positionally Stable,65.59,3,198,32.3278,31.6818,2.8576,3.1129,4.2256,0.6414,0.3586,0.0,0.0,1.0,0.0,0.0,0.0,0.0,1.0,0.1914,0.7768,"Statistical archetype: Safe-Possession Defender | Spatial profile: Right Wide Centre-Back Lane | Mean position: X=32.3, Y=31.7 | Wide=0.00, Half-space=1.00, Central=0.00 | Spatial spread=4.23"
38624,Michael Boxall,New Zealand,D,37.9,206.0,6.2805825242718445,155000.0,EUR,0,Safe-Possession Defender,Left Wide Centre-Back Lane,Safe Ball-Playing Centre-Back,Left Half-Space,Deeper Half,Highly Fixed,64.58,3,176,35.879,66.8557,1.0142,1.7687,2.0389,0.0,1.0,0.0,0.0,0.0,0.0,1.0,0.0,0.0,1.0,0.3291,0.7416,"Statistical archetype: Safe-Possession Defender | Spatial profile: Left Wide Centre-Back Lane | Mean position: X=35.9, Y=66.9 | Wide=0.00, Half-space=1.00, Central=0.00 | Spatial spread=2.04"
386958,Shogo Taniguchi,Japan,D,35.0,231.0,6.6558441558441555,775000.0,EUR,0,Safe-Possession Defender,Central Centre-Back Zone,Safe Ball-Playing Centre-Back,Central Lane,Deep Build-Up,Positionally Stable,62.4,3,179,30.8184,53.7966,4.5268,2.9783,5.4187,0.3966,0.6034,0.0,0.0,0.0,1.0,0.0,0.0,0.0,0.0,0.1558,0.7464,"Statistical archetype: Safe-Possession Defender | Spatial profile: Central Centre-Back Zone | Mean position: X=30.8, Y=53.8 | Wide=0.00, Half-space=0.00, Central=1.00 | Spatial spread=5.42"
1218056,Jonas Adjei Adjetey,Ghana,D,22.6,225.0,7.06,6400000.0,EUR,0,Safe-Possession Defender,Right Wide Centre-Back Lane,Safe Ball-Playing Centre-Back,Right Half-Space,Deep Build-Up,Mobile,60.98,3,173,32.4289,29.6173,7.4452,1.021,7.5148,0.7052,0.2948,0.0,0.0,1.0,0.0,0.0,0.0,0.0,1.0,0.1174,0.7368,"Statistical archetype: Safe-Possession Defender | Spatial profile: Right Wide Centre-Back Lane | Mean position: X=32.4, Y=29.6 | Wide=0.00, Half-space=1.00, Central=0.00 | Spatial spread=7.51"
825838,Armando Obispo,Curaçao,D,27.4,270.0,6.4,3700000.0,EUR,0,Safe-Possession Defender,Deep Central Defensive Line,Safe Ball-Playing Centre-Back,Central Lane,Deep Build-Up,Mobile,60.77,3,171,26.2146,57.8474,2.1247,6.8834,7.2039,1.0,0.0,0.0,0.0,0.0,0.6257,0.3743,0.0,0.0,0.3743,0.1219,0.7336,"Statistical archetype: Safe-Possession Defender | Spatial profile: Deep Central Defensive Line | Mean position: X=26.2, Y=57.8 | Wide=0.00, Half-space=0.37, Central=0.63 | Spatial spread=7.20"
957615,Robin Hranáč,Czechia,D,26.5,270.0,6.266666666666667,10900000.0,EUR,0,Safe-Possession Defender,Central Centre-Back Zone,Safe Ball-Playing Centre-Back,Central Lane,Deep Build-Up,Positionally Stable,60.75,3,168,32.7226,41.0976,3.8472,4.2399,5.7252,0.3393,0.6607,0.0,0.0,0.3512,0.6488,0.0,0.0,0.0,0.3512,0.1487,0.7288,"Statistical archetype: Safe-Possession Defender | Spatial profile: Central Centre-Back Zone | Mean position: X=32.7, Y=41.1 | Wide=0.00, Half-space=0.35, Central=0.65 | Spatial spread=5.73"
879618,Montassar Talbi,Tunisia,D,28.1,270.0,6.266666666666667,7600000.0,EUR,0,Safe-Possession Defender,Deep Central Defensive Line,Safe Ball-Playing Centre-Back,Central Lane,Deep Build-Up,Positionally Stable,60.44,3,167,32.3581,47.6096,2.3301,5.8268,6.2754,0.6048,0.3952,0.0,0.0,0.2635,0.7365,0.0,0.0,0.0,0.2635,0.1374,0.7272,"Statistical archetype: Safe-Possession Defender | Spatial profile: Deep Central Defensive Line | Mean position: X=32.4, Y=47.6 | Wide=0.00, Half-space=0.26, Central=0.74 | Spatial spread=6.28"
1194333,Abdukodir Khusanov,Uzbekistan,D,22.4,270.0,6.133333333333334,47000000.0,EUR,0,Safe-Possession Defender,Central Wide Centre-Back Lane,Safe Ball-Playing Centre-Back,Central Lane,Deep Build-Up,Free-Roaming,58.21,3,159,28.9535,43.9019,2.1766,14.6064,14.7676,1.0,0.0,0.0,0.0,0.6038,0.0,0.3962,0.0,0.0,1.0,0.0634,0.7144,"Statistical archetype: Safe-Possession Defender | Spatial profile: Central Wide Centre-Back Lane | Mean position: X=29.0, Y=43.9 | Wide=0.00, Half-space=1.00, Central=0.00 | Spatial spread=14.77"
1469180,Moise Bombito,Canada,D,26.3,194.0,6.312886597938145,6800000.0,EUR,0,Safe-Possession Defender,Right Wide Centre-Back Lane,Safe Ball-Playing Centre-Back,Right Half-Space,Deeper Half,Mobile,55.86,3,140,45.6421,38.1064,10.7784,1.8337,10.9332,0.0,1.0,0.0,0.0,1.0,0.0,0.0,0.0,0.0,1.0,0.0838,0.684,"Statistical archetype: Safe-Possession Defender | Spatial profile: Right Wide Centre-Back Lane | Mean position: X=45.6, Y=38.1 | Wide=0.00, Half-space=1.00, Central=0.00 | Spatial spread=10.93"
1646783,Lucas Herrington,Australia,D,18.9,210.0,6.428571428571429,4900000.0,EUR,0,Safe-Possession Defender,Left Wide Centre-Back Lane,Safe Ball-Playing Centre-Back,Left Half-Space,Deeper Half,Positionally Stable,52.96,2,162,35.2519,73.3,3.6916,2.3938,4.3998,0.5556,0.4444,0.0,0.0,0.0,0.0,1.0,0.0,0.0,1.0,0.1852,0.6492,"Statistical archetype: Safe-Possession Defender | Spatial profile: Left Wide Centre-Back Lane | Mean position: X=35.3, Y=73.3 | Wide=0.00, Half-space=1.00, Central=0.00 | Spatial spread=4.40"
95791,Grant Hanley,Scotland,D,34.7,180.0,7.3,195000.0,EUR,0,Safe-Possession Defender,Right Wide Centre-Back Lane,Safe Ball-Playing Centre-Back,Right Half-Space,Deep Build-Up,Highly Fixed,52.94,2,142,31.5099,31.7958,0.4634,1.6324,1.6969,1.0,0.0,0.0,0.0,1.0,0.0,0.0,0.0,0.0,1.0,0.3708,0.6172,"Statistical archetype: Safe-Possession Defender | Spatial profile: Right Wide Centre-Back Lane | Mean position: X=31.5, Y=31.8 | Wide=0.00, Half-space=1.00, Central=0.00 | Spatial spread=1.70"
1019957,Steve Kapuadi,DR Congo,D,28.2,180.0,6.35,2600000.0,EUR,0,Safe-Possession Defender,Left Wide Centre-Back Lane,Safe Ball-Playing Centre-Back,Left Half-Space,Deep Build-Up,Highly Fixed,43.04,2,82,28.5439,70.9451,0.5374,2.6389,2.6931,1.0,0.0,0.0,0.0,0.0,0.0,1.0,0.0,0.0,1.0,0.2708,0.5212,"Statistical archetype: Safe-Possession Defender | Spatial profile: Left Wide Centre-Back Lane | Mean position: X=28.5, Y=70.9 | Wide=0.00, Half-space=1.00, Central=0.00 | Spatial spread=2.69"
960441,Charles De Ketelaere,Belgium,F,25.4,353.0,7.136827195467423,27000000.0,EUR,2,Target Forward,Central Creative Half-Space,Central Target Forward,Central Lane,Advanced Middle Third,Positionally Stable,84.46,5,231,64.0693,43.3823,3.1042,5.2314,6.0831,0.0,0.7056,0.2944,0.0,0.5065,0.4935,0.0,0.0,0.0,0.5065,0.1412,0.9696,"Statistical archetype: Target Forward | Spatial profile: Central Creative Half-Space | Mean position: X=64.1, Y=43.4 | Wide=0.00, Half-space=0.51, Central=0.49 | Spatial spread=6.08"
914213,Luis Javier Suárez,Colombia,F,28.6,332.0,6.48132530120482,27000000.0,EUR,2,Target Forward,Central Striker Zone,Central Target Forward,Central Lane,Final Third,Highly Fixed,66.16,5,132,66.0008,47.897,0.6967,2.7303,2.8178,0.0,0.7045,0.2955,0.0,0.0,1.0,0.0,0.0,0.0,0.0,0.2619,0.6862,"Statistical archetype: Target Forward | Spatial profile: Central Striker Zone | Mean position: X=66.0, Y=47.9 | Wide=0.00, Half-space=0.00, Central=1.00 | Spatial spread=2.82"
103045,Jordan Ayew,Ghana,F,34.9,304.0,6.690131578947368,1100000.0,EUR,2,Target Forward,Central Striker Zone,Central Target Forward,Central Lane,Advanced Middle Third,Mobile,63.38,4,146,62.7219,59.6678,2.2747,7.5287,7.8648,0.0,1.0,0.0,0.0,0.0,0.589,0.411,0.0,0.0,0.411,0.1128,0.7386,"Statistical archetype: Target Forward | Spatial profile: Central Striker Zone | Mean position: X=62.7, Y=59.7 | Wide=0.00, Half-space=0.41, Central=0.59 | Spatial spread=7.86"
1144687,Nestory Irankunda,Australia,F,20.4,264.0,6.777272727272727,8500000.0,EUR,2,Target Forward,Central Striker Zone,Central Target Forward,Central Lane,Advanced Middle Third,Mobile,57.04,4,117,62.1675,54.5667,3.4281,6.7471,7.568,0.0,0.7949,0.2051,0.0,0.0,0.8034,0.1966,0.0,0.0,0.1966,0.1167,0.6453,"Statistical archetype: Target Forward | Spatial profile: Central Striker Zone | Mean position: X=62.2, Y=54.6 | Wide=0.00, Half-space=0.20, Central=0.80 | Spatial spread=7.57"
980728,Ali Olwan,Jordan,F,26.3,268.0,6.8682835820895525,825000.0,EUR,2,Target Forward,Central Creative Half-Space,Central Target Forward,Central Lane,Advanced Middle Third,Free-Roaming,54.48,3,132,62.3758,53.6227,8.8787,10.8455,14.0163,0.0,0.7727,0.2273,0.0,0.3561,0.4167,0.2273,0.0,0.0,0.5833,0.0666,0.6712,"Statistical archetype: Target Forward | Spatial profile: Central Creative Half-Space | Mean position: X=62.4, Y=53.6 | Wide=0.00, Half-space=0.58, Central=0.42 | Spatial spread=14.02"
50480,Chris Wood,New Zealand,F,34.6,270.0,6.533333333333333,5200000.0,EUR,2,Target Forward,Central Creative Half-Space,Central Target Forward,Central Lane,Final Third,Positionally Stable,54.16,3,123,65.022,57.9821,5.3402,4.0831,6.7223,0.0,0.6504,0.3496,0.0,0.0,0.5285,0.4715,0.0,0.0,0.4715,0.1295,0.6568,"Statistical archetype: Target Forward | Spatial profile: Central Creative Half-Space | Mean position: X=65.0, Y=58.0 | Wide=0.00, Half-space=0.47, Central=0.53 | Spatial spread=6.72"
859026,Amine Gouiri,Algeria,F,26.4,253.0,6.7660079051383395,30000000.0,EUR,2,Target Forward,Left Creative Half-Space,Central Target Forward,Left Half-Space,Final Third,Mobile,53.81,4,98,65.2398,63.0908,2.7504,6.762,7.2999,0.0,0.6735,0.3265,0.0,0.0,0.3367,0.6633,0.0,0.0,0.6633,0.1205,0.6024,"Statistical archetype: Target Forward | Spatial profile: Left Creative Half-Space | Mean position: X=65.2, Y=63.1 | Wide=0.00, Half-space=0.66, Central=0.34 | Spatial spread=7.30"
986395,Ricardo Pepi,USA,F,23.5,212.0,6.228301886792453,31000000.0,EUR,2,Target Forward,Left Creative Half-Space,Central Target Forward,Left Half-Space,Advanced Middle Third,Mobile,52.8,4,98,60.0776,63.4602,6.7046,5.1977,8.4834,0.0,0.8878,0.1122,0.0,0.0,0.4898,0.5102,0.0,0.0,0.5102,0.1054,0.5868,"Statistical archetype: Target Forward | Spatial profile: Left Creative Half-Space | Mean position: X=60.1, Y=63.5 | Wide=0.00, Half-space=0.51, Central=0.49 | Spatial spread=8.48"
1086223,Ange-Yoan Bonny,Côte d'Ivoire,F,22.7,236.0,6.408898305084746,34000000.0,EUR,2,Target Forward,Central Striker Zone,Central Target Forward,Central Lane,Advanced Middle Third,Mobile,52.68,4,99,60.3121,51.4717,7.7313,4.941,9.1753,0.0,0.7475,0.2525,0.0,0.0,1.0,0.0,0.0,0.0,0.0,0.0983,0.5853,"Statistical archetype: Target Forward | Spatial profile: Central Striker Zone | Mean position: X=60.3, Y=51.5 | Wide=0.00, Half-space=0.00, Central=1.00 | Spatial spread=9.18"
803039,Donyell Malen,Netherlands,F,27.5,187.0,6.662566844919787,48000000.0,EUR,2,Target Forward,Right Inside-Forward Zone,Central Target Forward,Right Half-Space,Final Third,Free-Roaming,45.12,3,87,74.4747,37.092,2.5188,12.8294,13.0743,0.0,0.0,1.0,0.0,0.6552,0.3448,0.0,0.0,0.0,0.6552,0.0711,0.5367,"Statistical archetype: Target Forward | Spatial profile: Right Inside-Forward Zone | Mean position: X=74.5, Y=37.1 | Wide=0.00, Half-space=0.66, Central=0.34 | Spatial spread=13.07"
115665,Cédric Bakambu,DR Congo,F,35.3,193.0,6.484974093264248,1200000.0,EUR,2,Target Forward,Central Striker Zone,Central Target Forward,Central Lane,Final Third,Positionally Stable,43.65,3,76,65.2658,47.3013,2.5707,3.782,4.573,0.0,0.3289,0.6711,0.0,0.0,1.0,0.0,0.0,0.0,0.0,0.1794,0.4879,"Statistical archetype: Target Forward | Spatial profile: Central Striker Zone | Mean position: X=65.3, Y=47.3 | Wide=0.00, Half-space=0.00, Central=1.00 | Spatial spread=4.57"
944656,Julián Alvarez,Argentina,F,26.5,601.0,6.666389351081531,97000000.0,EUR,2,Target Forward,Left Creative Half-Space,Deep Target Forward,Left Half-Space,Advanced Middle Third,Mobile,86.64,8,350,59.2891,60.7826,6.5449,4.8242,8.1307,0.0,0.8857,0.1143,0.0,0.0,0.6714,0.3286,0.0,0.0,0.3286,0.1095,1.0,"Statistical archetype: Target Forward | Spatial profile: Left Creative Half-Space | Mean position: X=59.3, Y=60.8 | Wide=0.00, Half-space=0.33, Central=0.67 | Spatial spread=8.13"
878081,Ermedin Demirović,Bosnia & Herzegovina,F,28.3,356.0,6.4,20000000.0,EUR,2,Target Forward,Deep Central Forward Zone,Deep Target Forward,Central Lane,Advanced Middle Third,Highly Fixed,62.83,4,140,57.0614,52.9429,3.1384,1.37,3.4244,0.0,1.0,0.0,0.0,0.0,1.0,0.0,0.0,0.0,0.0,0.226,0.7009,"Statistical archetype: Target Forward | Spatial profile: Deep Central Forward Zone | Mean position: X=57.1, Y=52.9 | Wide=0.00, Half-space=0.00, Central=1.00 | Spatial spread=3.42"
812533,Mehdi Taremi,Iran,F,34.0,260.0,6.661538461538462,2100000.0,EUR,2,Target Forward,Central Creative Half-Space,Deep Target Forward,Central Lane,Advanced Middle Third,Mobile,62.17,3,185,57.6173,58.5216,3.2184,10.3171,10.8074,0.0,1.0,0.0,0.0,0.0,0.3027,0.6973,0.0,0.0,0.6973,0.0847,0.756,"Statistical archetype: Target Forward | Spatial profile: Central Creative Half-Space | Mean position: X=57.6, Y=58.5 | Wide=0.00, Half-space=0.70, Central=0.30 | Spatial spread=10.81"
791355,Eldor Shomurodov,Uzbekistan,F,31.1,269.0,6.568773234200743,7400000.0,EUR,2,Target Forward,Deep Central Forward Zone,Deep Target Forward,Central Lane,Advanced Middle Third,Positionally Stable,60.14,3,160,59.0338,49.4994,2.3679,3.8052,4.4818,0.0,1.0,0.0,0.0,0.0,1.0,0.0,0.0,0.0,0.0,0.1824,0.716,"Statistical archetype: Target Forward | Spatial profile: Deep Central Forward Zone | Mean position: X=59.0, Y=49.5 | Wide=0.00, Half-space=0.00, Central=1.00 | Spatial spread=4.48"
985823,Ayase Ueda,Japan,F,27.9,324.0,7.17037037037037,16500000.0,EUR,2,Target Forward,Deep Central Forward Zone,Deep Target Forward,Central Lane,Advanced Middle Third,Positionally Stable,58.79,4,122,56.3082,46.5598,4.9115,3.2364,5.882,0.0,1.0,0.0,0.0,0.0,1.0,0.0,0.0,0.0,0.0,0.1453,0.6658,"Statistical archetype: Target Forward | Spatial profile: Deep Central Forward Zone | Mean position: X=56.3, Y=46.6 | Wide=0.00, Half-space=0.00, Central=1.00 | Spatial spread=5.88"
1022170,Evidence Makgopa,South Africa,F,26.1,214.0,6.68785046728972,1500000.0,EUR,2,Target Forward,Central Creative Half-Space,Deep Target Forward,Central Lane,Advanced Middle Third,Positionally Stable,58.51,4,119,55.2613,41.1647,3.2921,4.348,5.4537,0.0,1.0,0.0,0.0,0.5126,0.4874,0.0,0.0,0.0,0.5126,0.1549,0.661,"Statistical archetype: Target Forward | Spatial profile: Central Creative Half-Space | Mean position: X=55.3, Y=41.2 | Wide=0.00, Half-space=0.51, Central=0.49 | Spatial spread=5.45"
996805,Mohammad Mohebi,Iran,F,27.6,245.0,6.867755102040816,2300000.0,EUR,2,Target Forward,Central Creative Half-Space,Deep Target Forward,Central Lane,Advanced Middle Third,Free-Roaming,55.84,3,142,53.8725,57.9232,6.567,12.979,14.5458,0.0,1.0,0.0,0.0,0.0,0.3521,0.6479,0.0,0.0,0.6479,0.0643,0.6872,"Statistical archetype: Target Forward | Spatial profile: Central Creative Half-Space | Mean position: X=53.9, Y=57.9 | Wide=0.00, Half-space=0.65, Central=0.35 | Spatial spread=14.55"
957604,Pavel Šulc,Czechia,F,25.6,189.0,6.594179894179894,21000000.0,EUR,2,Target Forward,Deep Central Forward Zone,Deep Target Forward,Central Lane,Advanced Middle Third,Positionally Stable,52.86,3,115,58.0965,56.0617,1.551,6.0442,6.24,0.0,1.0,0.0,0.0,0.0,0.6609,0.3391,0.0,0.0,0.3391,0.1381,0.6378,"Statistical archetype: Target Forward | Spatial profile: Deep Central Forward Zone | Mean position: X=58.1, Y=56.1 | Wide=0.00, Half-space=0.34, Central=0.66 | Spatial spread=6.24"
832420,Daizen Maeda,Japan,F,28.7,245.0,7.069387755102041,12600000.0,EUR,2,Target Forward,Left Creative Half-Space,Deep Target Forward,Left Half-Space,Advanced Middle Third,Highly Fixed,51.5,3,100,54.716,66.674,0.6125,3.3154,3.3715,0.0,1.0,0.0,0.0,0.0,0.0,1.0,0.0,0.0,1.0,0.2288,0.6013,"Statistical archetype: Target Forward | Spatial profile: Left Creative Half-Space | Mean position: X=54.7, Y=66.7 | Wide=0.00, Half-space=1.00, Central=0.00 | Spatial spread=3.37"
893307,Firas Al-Buraikan,Saudi Arabia,F,26.2,239.0,6.373640167364018,3300000.0,EUR,2,Target Forward,Deep Central Forward Zone,Deep Target Forward,Central Lane,Advanced Middle Third,Positionally Stable,50.83,3,115,53.7791,49.6278,4.1219,3.9725,5.7246,0.0,1.0,0.0,0.0,0.0,1.0,0.0,0.0,0.0,0.0,0.1487,0.594,"Statistical archetype: Target Forward | Spatial profile: Deep Central Forward Zone | Mean position: X=53.8, Y=49.6 | Wide=0.00, Half-space=0.00, Central=1.00 | Spatial spread=5.72"
1010010,Ali Al-Hamadi,Iraq,F,24.4,181.0,6.487292817679557,1500000.0,EUR,2,Target Forward,False-Nine Zone,Deep Target Forward,Central Lane,Advanced Middle Third,Mobile,50.51,3,106,56.9991,58.8849,6.9663,4.6016,8.3489,0.0,1.0,0.0,0.0,0.0,0.6509,0.3491,0.0,0.0,0.3491,0.107,0.6109,"Statistical archetype: Target Forward | Spatial profile: False-Nine Zone | Mean position: X=57.0, Y=58.9 | Wide=0.00, Half-space=0.35, Central=0.65 | Spatial spread=8.35"
97409,Jürgen Locadia,Curaçao,F,32.7,237.0,6.442194092827005,215000.0,EUR,2,Target Forward,Deep Central Forward Zone,Deep Target Forward,Central Lane,Advanced Middle Third,Positionally Stable,48.66,3,102,53.3461,50.6529,4.0329,4.1967,5.8203,0.0,1.0,0.0,0.0,0.0,1.0,0.0,0.0,0.0,0.0,0.1466,0.5669,"Statistical archetype: Target Forward | Spatial profile: Deep Central Forward Zone | Mean position: X=53.3, Y=50.7 | Wide=0.00, Half-space=0.00, Central=1.00 | Spatial spread=5.82"
111483,Michael Gregoritsch,Austria,F,32.3,190.0,6.4605263157894735,1600000.0,EUR,2,Target Forward,Deep Central Forward Zone,Deep Target Forward,Central Lane,Advanced Middle Third,Mobile,41.19,3,74,58.4527,49.2068,6.8418,3.0616,7.4956,0.0,1.0,0.0,0.0,0.0,1.0,0.0,0.0,0.0,0.0,0.1177,0.4597,"Statistical archetype: Target Forward | Spatial profile: Deep Central Forward Zone | Mean position: X=58.5, Y=49.2 | Wide=0.00, Half-space=0.00, Central=1.00 | Spatial spread=7.50"
877980,Wilson Isidor,Haiti,F,25.9,188.0,6.806382978723404,18500000.0,EUR,2,Target Forward,Deep Central Forward Zone,Deep Target Forward,Central Lane,Advanced Middle Third,Mobile,41.17,3,69,57.9087,52.6348,8.8386,1.4025,8.9491,0.0,1.0,0.0,0.0,0.0,1.0,0.0,0.0,0.0,0.0,0.1005,0.4704,"Statistical archetype: Target Forward | Spatial profile: Deep Central Forward Zone | Mean position: X=57.9, Y=52.6 | Wide=0.00, Half-space=0.00, Central=1.00 | Spatial spread=8.95"
280609,Patrik Schick,Czechia,F,30.5,180.0,6.314444444444444,16600000.0,EUR,2,Target Forward,Deep Central Forward Zone,Deep Target Forward,Central Lane,Advanced Middle Third,Highly Fixed,37.6,2,61,59.2393,48.0049,2.2909,0.3048,2.3111,0.0,1.0,0.0,0.0,0.0,1.0,0.0,0.0,0.0,0.0,0.302,0.4282,"Statistical archetype: Target Forward | Spatial profile: Deep Central Forward Zone | Mean position: X=59.2, Y=48.0 | Wide=0.00, Half-space=0.00, Central=1.00 | Spatial spread=2.31"
826643,Kylian Mbappé,France,F,27.6,698.0,8.238538681948423,191000000.0,EUR,0,High-Volume Shooter,Left Inside-Forward Zone,High-Volume Shooter,Left Half-Space,Final Third,Positionally Stable,87.46,8,434,73.0698,60.9558,1.3713,4.9181,5.1057,0.0,0.0,1.0,0.0,0.0,0.212,0.788,0.0,0.0,0.788,0.1638,1.0,"Statistical archetype: High-Volume Shooter | Spatial profile: Left Inside-Forward Zone | Mean position: X=73.1, Y=61.0 | Wide=0.00, Half-space=0.79, Central=0.21 | Spatial spread=5.11"
868812,Vinícius Júnior,Brazil,F,26.0,441.0,8.0,146000000.0,EUR,0,High-Volume Shooter,Left High Wide Zone,High-Volume Shooter,Left Half-Space,Final Third,Positionally Stable,87.17,5,280,71.9311,78.1589,5.2507,2.7312,5.9186,0.0,0.2286,0.7714,0.0,0.0,0.0,0.5357,0.4643,0.4643,0.5357,0.1445,1.0,"Statistical archetype: High-Volume Shooter | Spatial profile: Left High Wide Zone | Mean position: X=71.9, Y=78.2 | Wide=0.46, Half-space=0.54, Central=0.00 | Spatial spread=5.92"
12994,Lionel Messi,Argentina,F,39.1,740.0,8.808108108108108,16300000.0,EUR,0,High-Volume Shooter,Right Creative Half-Space,High-Volume Shooter,Right Half-Space,Final Third,Positionally Stable,86.97,8,647,66.8947,36.7216,5.1529,4.1207,6.5979,0.0,0.3308,0.6692,0.0,0.7635,0.2365,0.0,0.0,0.0,0.7635,0.1316,1.0,"Statistical archetype: High-Volume Shooter | Spatial profile: Right Creative Half-Space | Mean position: X=66.9, Y=36.7 | Wide=0.00, Half-space=0.76, Central=0.24 | Spatial spread=6.60"
934235,Bukayo Saka,England,F,24.9,357.0,7.62436974789916,115000000.0,EUR,0,High-Volume Shooter,Right Wide Forward Zone,High-Volume Shooter,Right Half-Space,Advanced Middle Third,Free-Roaming,81.41,7,241,62.5436,20.6274,10.0324,7.6313,12.605,0.0,0.6017,0.3983,0.6556,0.3444,0.0,0.0,0.0,0.6556,0.3444,0.0735,0.9169,"Statistical archetype: High-Volume Shooter | Spatial profile: Right Wide Forward Zone | Mean position: X=62.5, Y=20.6 | Wide=0.66, Half-space=0.34, Central=0.00 | Spatial spread=12.61"
814590,Marcus Rashford,England,F,28.7,229.0,6.6882096069869,38000000.0,EUR,0,High-Volume Shooter,Left High Wide Zone,High-Volume Shooter,Left Wide,Final Third,Positionally Stable,77.03,5,188,68.8303,81.3016,5.2766,4.0313,6.6403,0.0,0.2766,0.7234,0.0,0.0,0.0,0.6596,0.3404,0.3404,0.6596,0.1309,0.8758,"Statistical archetype: High-Volume Shooter | Spatial profile: Left High Wide Zone | Mean position: X=68.8, Y=81.3 | Wide=0.34, Half-space=0.66, Central=0.00 | Spatial spread=6.64"
843114,Julián Quiñones,Mexico,F,29.3,414.0,7.697342995169081,12900000.0,EUR,3,Link Forward,Left Creative Half-Space,Link Forward,Left Half-Space,Advanced Middle Third,Positionally Stable,87.74,5,262,57.9156,75.4752,2.5648,3.6586,4.468,0.0,1.0,0.0,0.0,0.0,0.0,0.8015,0.1985,0.1985,0.8015,0.1829,1.0,"Statistical archetype: Link Forward | Spatial profile: Left Creative Half-Space | Mean position: X=57.9, Y=75.5 | Wide=0.20, Half-space=0.80, Central=0.00 | Spatial spread=4.47"
818244,Ousmane Dembélé,France,F,29.2,597.0,7.813232830820771,97000000.0,EUR,3,Link Forward,Right Inside-Forward Zone,Link Forward,Right Half-Space,Final Third,Mobile,86.84,8,449,69.6379,30.3203,4.1958,5.7997,7.1583,0.0,0.3541,0.6459,0.0,0.8976,0.1024,0.0,0.0,0.0,0.8976,0.1226,1.0,"Statistical archetype: Link Forward | Spatial profile: Right Inside-Forward Zone | Mean position: X=69.6, Y=30.3 | Wide=0.00, Half-space=0.90, Central=0.10 | Spatial spread=7.16"
865500,Roberto Alvarado,Mexico,F,27.9,430.0,7.358139534883721,7300000.0,EUR,3,Link Forward,Right Creative Half-Space,Link Forward,Right Half-Space,Advanced Middle Third,Mobile,86.34,5,327,57.8422,25.1471,9.5204,3.717,10.2203,0.0,0.7064,0.2936,0.1407,0.8593,0.0,0.0,0.0,0.1407,0.8593,0.0891,1.0,"Statistical archetype: Link Forward | Spatial profile: Right Creative Half-Space | Mean position: X=57.8, Y=25.1 | Wide=0.14, Half-space=0.86, Central=0.00 | Spatial spread=10.22"
135666,Leandro Trossard,Belgium,F,31.6,510.0,7.548823529411765,19300000.0,EUR,3,Link Forward,Central Striker Zone,Link Forward,Central Lane,Advanced Middle Third,Free-Roaming,86.01,6,363,60.1033,57.6355,6.3776,12.2924,13.8484,0.0,1.0,0.0,0.0,0.0689,0.6887,0.2424,0.0,0.0,0.3113,0.0673,1.0,"Statistical archetype: Link Forward | Spatial profile: Central Striker Zone | Mean position: X=60.1, Y=57.6 | Wide=0.00, Half-space=0.31, Central=0.69 | Spatial spread=13.85"
914902,Anthony Gordon,England,F,25.4,399.0,6.878947368421052,67000000.0,EUR,3,Link Forward,Left Wide Forward Zone,Link Forward,Left Wide,Advanced Middle Third,Mobile,85.65,6,243,64.0695,80.1247,6.2456,5.3047,8.1943,0.0,0.8148,0.1852,0.0,0.0,0.0,0.428,0.572,0.572,0.428,0.1088,0.9888,"Statistical archetype: Link Forward | Spatial profile: Left Wide Forward Zone | Mean position: X=64.1, Y=80.1 | Wide=0.57, Half-space=0.43, Central=0.00 | Spatial spread=8.19"
1154605,Désiré Doué,France,F,21.1,398.0,6.970603015075377,124000000.0,EUR,3,Link Forward,Left Creative Half-Space,Link Forward,Left Half-Space,Advanced Middle Third,Free-Roaming,83.87,8,363,61.8534,69.3504,4.2122,15.0029,15.5829,0.0,0.9008,0.0992,0.0386,0.0441,0.0,0.8347,0.0826,0.1212,0.8788,0.0603,0.9594,"Statistical archetype: Link Forward | Spatial profile: Left Creative Half-Space | Mean position: X=61.9, Y=69.4 | Wide=0.12, Half-space=0.88, Central=0.00 | Spatial spread=15.58"
996952,Bradley Barcola,France,F,23.9,384.0,7.097135416666667,68000000.0,EUR,3,Link Forward,Left Wide Forward Zone,Link Forward,Left Wide,Advanced Middle Third,Positionally Stable,83.3,8,249,64.7418,80.9904,6.1123,1.8183,6.377,0.0,0.5944,0.4056,0.0,0.0,0.0,0.245,0.755,0.755,0.245,0.1356,0.9265,"Statistical archetype: Link Forward | Spatial profile: Left Wide Forward Zone | Mean position: X=64.7, Y=81.0 | Wide=0.76, Half-space=0.24, Central=0.00 | Spatial spread=6.38"
1121923,Antonio Nusa,Norway,F,21.3,325.0,6.6975384615384606,31000000.0,EUR,3,Link Forward,Left Creative Half-Space,Link Forward,Left Half-Space,Advanced Middle Third,Mobile,78.75,5,193,61.885,76.6021,5.1648,5.6473,7.653,0.0,0.7772,0.2228,0.0,0.0,0.0,0.7513,0.2487,0.2487,0.7513,0.1156,0.9088,"Statistical archetype: Link Forward | Spatial profile: Left Creative Half-Space | Mean position: X=61.9, Y=76.6 | Wide=0.25, Half-space=0.75, Central=0.00 | Spatial spread=7.65"
1407524,Ibrahim Maza,Algeria,F,20.6,351.0,6.558974358974359,41000000.0,EUR,3,Link Forward,Central Striker Zone,Link Forward,Central Lane,Advanced Middle Third,Mobile,78.56,4,246,62.3695,54.5874,6.8411,4.658,8.2763,0.0,0.7154,0.2846,0.0,0.0,0.7033,0.2967,0.0,0.0,0.2967,0.1078,0.9236,"Statistical archetype: Link Forward | Spatial profile: Central Striker Zone | Mean position: X=62.4, Y=54.6 | Wide=0.00, Half-space=0.30, Central=0.70 | Spatial spread=8.28"
2087085,Yan Diomande,Côte d'Ivoire,F,19.7,331.0,7.539274924471299,99000000.0,EUR,3,Link Forward,Left Wide Forward Zone,Link Forward,Left Half-Space,Advanced Middle Third,Free-Roaming,78.33,4,288,64.6792,68.4062,0.8048,17.0129,17.0319,0.0,1.0,0.0,0.0,0.0,0.3056,0.2118,0.4826,0.4826,0.2118,0.0555,0.93,"Statistical archetype: Link Forward | Spatial profile: Left Wide Forward Zone | Mean position: X=64.7, Y=68.4 | Wide=0.48, Half-space=0.21, Central=0.31 | Spatial spread=17.03"
966547,Noni Madueke,England,F,24.4,288.0,7.096527777777777,54000000.0,EUR,3,Link Forward,Right High Wide Zone,Link Forward,Right Half-Space,Final Third,Positionally Stable,78.16,5,199,70.2251,20.2322,2.8063,5.204,5.9124,0.0,0.0854,0.9146,0.4824,0.5176,0.0,0.0,0.0,0.4824,0.5176,0.1447,0.8809,"Statistical archetype: Link Forward | Spatial profile: Right High Wide Zone | Mean position: X=70.2, Y=20.2 | Wide=0.48, Half-space=0.52, Central=0.00 | Spatial spread=5.91"
873554,Omar Marmoush,Egypt,F,27.4,326.0,6.802147239263804,55000000.0,EUR,3,Link Forward,Left Creative Half-Space,Link Forward,Left Half-Space,Advanced Middle Third,Free-Roaming,76.42,5,180,62.8878,67.2583,4.3719,10.3954,11.2773,0.0,0.7667,0.2333,0.0,0.0556,0.25,0.6944,0.0,0.0,0.75,0.0815,0.888,"Statistical archetype: Link Forward | Spatial profile: Left Creative Half-Space | Mean position: X=62.9, Y=67.3 | Wide=0.00, Half-space=0.75, Central=0.25 | Spatial spread=11.28"
593526,Nicolas Pépé,Côte d'Ivoire,F,31.1,244.0,7.097950819672132,6600000.0,EUR,3,Link Forward,Right Creative Half-Space,Link Forward,Right Half-Space,Advanced Middle Third,Mobile,71.82,4,197,63.3279,28.1995,5.4417,5.3035,7.5986,0.0,0.6599,0.3401,0.0558,0.9442,0.0,0.0,0.0,0.0558,0.9442,0.1163,0.8452,"Statistical archetype: Link Forward | Spatial profile: Right Creative Half-Space | Mean position: X=63.3, Y=28.2 | Wide=0.06, Half-space=0.94, Central=0.00 | Spatial spread=7.60"
879802,John Yeboah,Ecuador,F,26.1,315.0,7.054920634920635,5800000.0,EUR,3,Link Forward,Right Wide Forward Zone,Link Forward,Right Half-Space,Advanced Middle Third,Highly Fixed,71.09,4,182,64.2896,21.9835,3.2577,1.9895,3.8171,0.0,0.6429,0.3571,0.3571,0.6429,0.0,0.0,0.0,0.3571,0.6429,0.2076,0.8212,"Statistical archetype: Link Forward | Spatial profile: Right Wide Forward Zone | Mean position: X=64.3, Y=22.0 | Wide=0.36, Half-space=0.64, Central=0.00 | Spatial spread=3.82"
817957,Christian Pulišić,USA,F,27.8,224.0,6.858482142857143,43000000.0,EUR,3,Link Forward,Left Creative Half-Space,Link Forward,Left Half-Space,Advanced Middle Third,Positionally Stable,67.78,4,165,60.3879,75.697,5.0408,2.9998,5.8659,0.0,0.7636,0.2364,0.0,0.0,0.0,0.7636,0.2364,0.2364,0.7636,0.1456,0.794,"Statistical archetype: Link Forward | Spatial profile: Left Creative Half-Space | Mean position: X=60.4, Y=75.7 | Wide=0.24, Half-space=0.76, Central=0.00 | Spatial spread=5.87"
1149011,Kenan Yıldız,Türkiye,F,21.2,219.0,7.105479452054794,72000000.0,EUR,3,Link Forward,Left High Wide Zone,Link Forward,Left Half-Space,Final Third,Positionally Stable,66.38,3,208,69.6144,79.1019,5.4517,1.4378,5.6381,0.0,0.2308,0.7692,0.0,0.0,0.0,0.5337,0.4663,0.4663,0.5337,0.1506,0.7928,"Statistical archetype: Link Forward | Spatial profile: Left High Wide Zone | Mean position: X=69.6, Y=79.1 | Wide=0.47, Half-space=0.53, Central=0.00 | Spatial spread=5.64"
851671,João Félix,Portugal,F,26.7,204.0,6.666666666666667,27000000.0,EUR,3,Link Forward,Left Creative Half-Space,Link Forward,Left Half-Space,Advanced Middle Third,Mobile,56.82,3,144,58.8861,77.8938,7.5279,2.7786,8.0244,0.0,1.0,0.0,0.0,0.0,0.0,0.7014,0.2986,0.2986,0.7014,0.1108,0.6904,"Statistical archetype: Link Forward | Spatial profile: Left Creative Half-Space | Mean position: X=58.9, Y=77.9 | Wide=0.30, Half-space=0.70, Central=0.00 | Spatial spread=8.02"
979232,Anthony Elanga,Sweden,F,24.2,216.0,7.138888888888889,31000000.0,EUR,3,Link Forward,Right Wide Forward Zone,Link Forward,Right Half-Space,Final Third,Positionally Stable,55.23,3,130,66.0623,21.5885,4.5771,4.4861,6.409,0.0,0.8,0.2,0.4077,0.5923,0.0,0.0,0.0,0.4077,0.5923,0.135,0.668,"Statistical archetype: Link Forward | Spatial profile: Right Wide Forward Zone | Mean position: X=66.1, Y=21.6 | Wide=0.41, Half-space=0.59, Central=0.00 | Spatial spread=6.41"
108579,Harry Kane,England,F,33.0,653.0,7.197243491577336,65000000.0,EUR,1,Poacher,Deep Central Forward Zone,Poacher,Central Lane,Advanced Middle Third,Mobile,85.32,7,249,57.7771,53.8072,6.7812,3.8026,7.7746,0.0,0.9036,0.0964,0.0,0.0,1.0,0.0,0.0,0.0,0.0,0.114,0.9734,"Statistical archetype: Poacher | Spatial profile: Deep Central Forward Zone | Mean position: X=57.8, Y=53.8 | Wide=0.00, Half-space=0.00, Central=1.00 | Spatial spread=7.77"
823622,Mikel Oyarzabal,Spain,F,29.2,605.0,7.0319008264462814,27000000.0,EUR,1,Poacher,Central Striker Zone,Poacher,Central Lane,Advanced Middle Third,Mobile,85.22,8,300,63.6197,50.027,9.0889,5.0903,10.4172,0.0,0.5033,0.4967,0.0,0.0,1.0,0.0,0.0,0.0,0.0,0.0876,0.9781,"Statistical archetype: Poacher | Spatial profile: Central Striker Zone | Mean position: X=63.6, Y=50.0 | Wide=0.00, Half-space=0.00, Central=1.00 | Spatial spread=10.42"
935564,Jonathan David,Canada,F,26.5,421.0,6.877197149643706,29000000.0,EUR,1,Poacher,Central Striker Zone,Poacher,Central Lane,Final Third,Positionally Stable,83.08,5,222,69.0734,47.0851,5.5185,3.4223,6.4936,0.0,0.4369,0.5631,0.0,0.0,1.0,0.0,0.0,0.0,0.0,0.1334,0.9552,"Statistical archetype: Poacher | Spatial profile: Central Striker Zone | Mean position: X=69.1, Y=47.1 | Wide=0.00, Half-space=0.00, Central=1.00 | Spatial spread=6.49"
352296,Breel Embolo,Switzerland,F,29.4,506.0,6.878260869565217,13600000.0,EUR,1,Poacher,Central Striker Zone,Poacher,Central Lane,Advanced Middle Third,Mobile,77.93,6,201,64.5642,47.8945,6.7925,5.8121,8.9398,0.0,0.7114,0.2886,0.0,0.1642,0.8358,0.0,0.0,0.0,0.1642,0.1006,0.8872,"Statistical archetype: Poacher | Spatial profile: Central Striker Zone | Mean position: X=64.6, Y=47.9 | Wide=0.00, Half-space=0.16, Central=0.84 | Spatial spread=8.94"
836705,Kai Havertz,Germany,F,27.1,355.0,7.408450704225352,53000000.0,EUR,1,Poacher,Central Striker Zone,Poacher,Central Lane,Advanced Middle Third,Positionally Stable,75.38,4,221,64.7208,42.0326,3.943,5.4391,6.7179,0.0,0.6561,0.3439,0.0,0.2534,0.7466,0.0,0.0,0.0,0.2534,0.1296,0.8836,"Statistical archetype: Poacher | Spatial profile: Central Striker Zone | Mean position: X=64.7, Y=42.0 | Wide=0.00, Half-space=0.25, Central=0.75 | Spatial spread=6.72"
886363,Matheus Cunha,Brazil,F,27.1,293.0,7.451194539249146,79000000.0,EUR,1,Poacher,Deep Central Forward Zone,Poacher,Central Lane,Advanced Middle Third,Mobile,73.83,5,176,59.7256,54.0676,4.763,6.2765,7.8791,0.0,0.8182,0.1818,0.0,0.0,0.8636,0.1364,0.0,0.0,0.1364,0.1126,0.8316,"Statistical archetype: Poacher | Spatial profile: Deep Central Forward Zone | Mean position: X=59.7, Y=54.1 | Wide=0.00, Half-space=0.14, Central=0.86 | Spatial spread=7.88"
823984,Lautaro Martínez,Argentina,F,28.9,311.0,6.62508038585209,80000000.0,EUR,1,Poacher,Deep Central Forward Zone,Poacher,Central Lane,Advanced Middle Third,Mobile,71.84,6,165,58.5776,54.54,8.3386,2.3042,8.6511,0.0,0.903,0.097,0.0,0.0,1.0,0.0,0.0,0.0,0.0,0.1036,0.8077,"Statistical archetype: Poacher | Spatial profile: Deep Central Forward Zone | Mean position: X=58.6, Y=54.5 | Wide=0.00, Half-space=0.00, Central=1.00 | Spatial spread=8.65"
839956,Erling Haaland,Norway,F,26.0,465.0,7.854838709677419,218000000.0,EUR,1,Poacher,Central Striker Zone,Poacher,Central Lane,Advanced Middle Third,Mobile,71.77,5,158,62.693,50.4747,8.4802,2.5292,8.8493,0.0,0.6076,0.3924,0.0,0.0,1.0,0.0,0.0,0.0,0.0,0.1015,0.8153,"Statistical archetype: Poacher | Spatial profile: Central Striker Zone | Mean position: X=62.7, Y=50.5 | Wide=0.00, Half-space=0.00, Central=1.00 | Spatial spread=8.85"
750,Cristiano Ronaldo,Portugal,F,41.4,441.0,7.018367346938775,10400000.0,EUR,1,Poacher,Central Creative Half-Space,Poacher,Central Lane,Final Third,Mobile,70.32,5,158,65.9437,59.3462,4.1227,7.0615,8.1769,0.0,0.5633,0.4367,0.0,0.0,0.3924,0.6076,0.0,0.0,0.6076,0.109,0.7841,"Statistical archetype: Poacher | Spatial profile: Central Creative Half-Space | Mean position: X=65.9, Y=59.3 | Wide=0.00, Half-space=0.61, Central=0.39 | Spatial spread=8.18"
855833,Ferran Torres,Spain,F,26.4,283.0,6.450530035335689,54000000.0,EUR,1,Poacher,Right Inside-Forward Zone,Poacher,Right Half-Space,Final Third,Free-Roaming,69.86,8,186,70.5435,39.0269,4.4466,15.9698,16.5773,0.0,0.1667,0.8333,0.0,0.4516,0.5484,0.0,0.0,0.0,0.4516,0.0569,0.757,"Statistical archetype: Poacher | Spatial profile: Right Inside-Forward Zone | Mean position: X=70.5, Y=39.0 | Wide=0.00, Half-space=0.45, Central=0.55 | Spatial spread=16.58"
1172477,Tani Oluwaseyi,Canada,F,26.2,260.0,6.741153846153846,7500000.0,EUR,1,Poacher,Left Inside-Forward Zone,Poacher,Left Half-Space,Final Third,Mobile,69.83,5,148,72.2932,60.5338,2.0598,8.0518,8.3111,0.0,0.0,1.0,0.0,0.0,0.8243,0.1757,0.0,0.0,0.1757,0.1074,0.7868,"Statistical archetype: Poacher | Spatial profile: Left Inside-Forward Zone | Mean position: X=72.3, Y=60.5 | Wide=0.00, Half-space=0.18, Central=0.82 | Spatial spread=8.31"
845286,Ismaïla Sarr,Senegal,F,28.4,366.0,7.657377049180328,38000000.0,EUR,1,Poacher,Central Striker Zone,Poacher,Central Lane,Advanced Middle Third,Free-Roaming,68.75,4,180,63.5911,45.0494,3.3889,12.8698,13.3085,0.0,0.8056,0.1944,0.0,0.4389,0.5611,0.0,0.0,0.0,0.4389,0.0699,0.818,"Statistical archetype: Poacher | Spatial profile: Central Striker Zone | Mean position: X=63.6, Y=45.0 | Wide=0.00, Half-space=0.44, Central=0.56 | Spatial spread=13.31"
192442,Raúl Jiménez,Mexico,F,35.2,320.0,7.1825,3200000.0,EUR,1,Poacher,Central Striker Zone,Poacher,Central Lane,Final Third,Positionally Stable,67.6,4,164,65.714,54.1024,4.8308,3.5942,6.0212,0.0,0.4756,0.5244,0.0,0.0,1.0,0.0,0.0,0.0,0.0,0.1424,0.7924,"Statistical archetype: Poacher | Spatial profile: Central Striker Zone | Mean position: X=65.7, Y=54.1 | Wide=0.00, Half-space=0.00, Central=1.00 | Spatial spread=6.02"
804508,Viktor Gyökeres,Sweden,F,28.1,360.0,6.95,61000000.0,EUR,1,Poacher,Central Striker Zone,Poacher,Central Lane,Final Third,Positionally Stable,67.31,4,162,67.8235,46.4006,5.7504,1.8415,6.038,0.0,0.4074,0.5926,0.0,0.0,1.0,0.0,0.0,0.0,0.0,0.1421,0.7892,"Statistical archetype: Poacher | Spatial profile: Central Striker Zone | Mean position: X=67.8, Y=46.4 | Wide=0.00, Half-space=0.00, Central=1.00 | Spatial spread=6.04"
805123,Yoane Wissa,DR Congo,F,29.9,360.0,7.125,23000000.0,EUR,1,Poacher,Deep Central Forward Zone,Poacher,Central Lane,Advanced Middle Third,Mobile,66.72,4,164,58.6055,51.1226,6.4723,8.7194,10.859,0.0,0.7012,0.2988,0.0,0.0,0.7683,0.2317,0.0,0.0,0.2317,0.0843,0.7924,"Statistical archetype: Poacher | Spatial profile: Deep Central Forward Zone | Mean position: X=58.6, Y=51.1 | Wide=0.00, Half-space=0.23, Central=0.77 | Spatial spread=10.86"
823941,Alexander Isak,Sweden,F,26.8,358.0,6.947486033519553,88000000.0,EUR,1,Poacher,Central Striker Zone,Poacher,Central Lane,Advanced Middle Third,Positionally Stable,64.51,4,150,63.4813,57.086,5.0254,2.5708,5.6448,0.0,0.52,0.48,0.0,0.0,1.0,0.0,0.0,0.0,0.0,0.1505,0.745,"Statistical archetype: Poacher | Spatial profile: Central Striker Zone | Mean position: X=63.5, Y=57.1 | Wide=0.00, Half-space=0.00, Central=1.00 | Spatial spread=5.64"
934237,Folarin Balogun,USA,F,25.0,314.0,6.927070063694267,36000000.0,EUR,1,Poacher,Central Striker Zone,Poacher,Central Lane,Final Third,Positionally Stable,59.33,4,125,68.6648,50.7712,4.3238,4.9271,6.5553,0.0,0.28,0.72,0.0,0.16,0.84,0.0,0.0,0.0,0.16,0.1324,0.6769,"Statistical archetype: Poacher | Spatial profile: Central Striker Zone | Mean position: X=68.7, Y=50.8 | Wide=0.00, Half-space=0.16, Central=0.84 | Spatial spread=6.56"
1085381,Nicolas Jackson,Senegal,F,25.1,232.0,6.448275862068965,39000000.0,EUR,1,Poacher,Left Creative Half-Space,Poacher,Left Half-Space,Advanced Middle Third,Positionally Stable,58.11,4,122,62.8697,60.5713,6.1861,2.3911,6.6322,0.0,0.7049,0.2951,0.0,0.0,0.4754,0.5246,0.0,0.0,0.5246,0.131,0.6564,"Statistical archetype: Poacher | Spatial profile: Left Creative Half-Space | Mean position: X=62.9, Y=60.6 | Wide=0.00, Half-space=0.52, Central=0.48 | Spatial spread=6.63"
106456,Enner Valencia,Ecuador,F,36.7,290.0,6.53551724137931,905000.0,EUR,1,Poacher,Central Creative Half-Space,Poacher,Central Lane,Advanced Middle Third,Mobile,55.65,4,114,63.6614,59.1526,7.5853,7.9334,10.9761,0.0,0.6579,0.3421,0.0,0.0,0.2281,0.7719,0.0,0.0,0.7719,0.0835,0.6311,"Statistical archetype: Poacher | Spatial profile: Central Creative Half-Space | Mean position: X=63.7, Y=59.2 | Wide=0.00, Half-space=0.77, Central=0.23 | Spatial spread=10.98"
78893,Romelu Lukaku,Belgium,F,33.2,236.0,6.720338983050848,5800000.0,EUR,1,Poacher,Penalty-Box Central Zone,Poacher,Central Lane,Final Third,Mobile,47.59,4,75,71.2973,47.2213,4.1389,6.1673,7.4274,0.0,0.0,1.0,0.0,0.3067,0.6933,0.0,0.0,0.0,0.3067,0.1187,0.5062,"Statistical archetype: Poacher | Spatial profile: Penalty-Box Central Zone | Mean position: X=71.3, Y=47.2 | Wide=0.00, Half-space=0.31, Central=0.69 | Spatial spread=7.43"
876600,Mousa Tamari,Jordan,F,29.1,217.0,6.811059907834101,10800000.0,EUR,1,Poacher,Right Creative Half-Space,Poacher,Right Half-Space,Final Third,Positionally Stable,46.35,3,90,65.21,36.1522,3.0497,5.0209,5.8745,0.0,0.5667,0.4333,0.0,0.5667,0.4333,0.0,0.0,0.0,0.5667,0.1455,0.5353,"Statistical archetype: Poacher | Spatial profile: Right Creative Half-Space | Mean position: X=65.2, Y=36.2 | Wide=0.00, Half-space=0.57, Central=0.43 | Spatial spread=5.87"
976104,Federico Viñas,Uruguay,F,28.1,192.0,6.609375,3600000.0,EUR,1,Poacher,Central Striker Zone,Poacher,Central Lane,Advanced Middle Third,Positionally Stable,44.69,3,85,63.3235,41.8576,5.8285,1.1469,5.9403,0.0,0.6941,0.3059,0.0,0.0,1.0,0.0,0.0,0.0,0.0,0.1441,0.5085,"Statistical archetype: Poacher | Spatial profile: Central Striker Zone | Mean position: X=63.3, Y=41.9 | Wide=0.00, Half-space=0.00, Central=1.00 | Spatial spread=5.94"
790179,Cyle Larin,Canada,F,31.3,189.0,6.651322751322751,2600000.0,EUR,1,Poacher,Left Inside-Forward Zone,Poacher,Left Half-Space,Final Third,Positionally Stable,38.54,3,64,76.0891,61.8594,4.545,4.2436,6.2181,0.0,0.0,1.0,0.0,0.0,0.5781,0.4219,0.0,0.0,0.4219,0.1385,0.4124,"Statistical archetype: Poacher | Spatial profile: Left Inside-Forward Zone | Mean position: X=76.1, Y=61.9 | Wide=0.00, Half-space=0.42, Central=0.58 | Spatial spread=6.22"
910048,Brian Brobbey,Netherlands,F,24.5,232.0,7.413362068965518,32000000.0,EUR,1,Poacher,Central Striker Zone,Poacher,Central Lane,Final Third,Positionally Stable,37.58,3,53,68.7887,58.8358,4.86,4.0916,6.3531,0.0,0.3019,0.6981,0.0,0.0,0.6415,0.3585,0.0,0.0,0.3585,0.136,0.4073,"Statistical archetype: Poacher | Spatial profile: Central Striker Zone | Mean position: X=68.8, Y=58.8 | Wide=0.00, Half-space=0.36, Central=0.64 | Spatial spread=6.35"
309078,Alexander Sørloth,Norway,F,30.6,341.0,6.44574780058651,18600000.0,EUR,2,Target Forward,Right Wide Forward Zone,Right Wide Target Forward,Right Wide,Advanced Middle Third,Positionally Stable,85.4,5,233,63.0476,19.5352,2.6966,3.4669,4.3921,0.0,0.8197,0.1803,0.4549,0.5451,0.0,0.0,0.0,0.4549,0.5451,0.1855,0.9728,"Statistical archetype: Target Forward | Spatial profile: Right Wide Forward Zone | Mean position: X=63.0, Y=19.5 | Wide=0.45, Half-space=0.55, Central=0.00 | Spatial spread=4.39"
1136110,Esmir Bajraktarević,Bosnia & Herzegovina,F,21.4,229.0,6.394323144104804,8199999.0,EUR,2,Target Forward,Right Wide Forward Zone,Right Wide Target Forward,Right Half-Space,Advanced Middle Third,Free-Roaming,61.32,4,135,58.0052,21.4815,10.2374,9.0999,13.6972,0.0,0.7926,0.2074,0.6741,0.2074,0.1185,0.0,0.0,0.6741,0.2074,0.068,0.7241,"Statistical archetype: Target Forward | Spatial profile: Right Wide Forward Zone | Mean position: X=58.0, Y=21.5 | Wide=0.67, Half-space=0.21, Central=0.12 | Spatial spread=13.70"
125787,Camilo Vargas,Colombia,G,37.4,480.0,6.84375,465000.0,EUR,0,Ball-Playing Goalkeeper,Deep Goalkeeper Zone,Ball-Playing Goalkeeper,Central Lane,Goal Area,Highly Fixed,90.78,5,254,10.7181,50.1957,1.1661,1.089,1.5955,1.0,0.0,0.0,0.0,0.0,1.0,0.0,0.0,0.0,0.0,0.3853,1.0,"Statistical archetype: Ball-Playing Goalkeeper | Spatial profile: Deep Goalkeeper Zone | Mean position: X=10.7, Y=50.2 | Wide=0.00, Half-space=0.00, Central=1.00 | Spatial spread=1.60"
360938,Yassine Bounou,Morocco,G,35.3,570.0,6.942105263157894,2900000.0,EUR,0,Ball-Playing Goalkeeper,Deep Goalkeeper Zone,Ball-Playing Goalkeeper,Central Lane,Goal Area,Highly Fixed,89.6,6,295,10.0471,50.8149,1.6807,1.5116,2.2604,1.0,0.0,0.0,0.0,0.0,1.0,0.0,0.0,0.0,0.0,0.3067,1.0,"Statistical archetype: Ball-Playing Goalkeeper | Spatial profile: Deep Goalkeeper Zone | Mean position: X=10.0, Y=50.8 | Wide=0.00, Half-space=0.00, Central=1.00 | Spatial spread=2.26"
158263,Emiliano Martínez,Argentina,G,33.9,810.0,7.114814814814815,11500000.0,EUR,0,Ball-Playing Goalkeeper,Deep Goalkeeper Zone,Ball-Playing Goalkeeper,Central Lane,Goal Area,Highly Fixed,89.47,8,362,11.2539,49.0072,1.6381,1.6899,2.3535,1.0,0.0,0.0,0.0,0.0,1.0,0.0,0.0,0.0,0.0,0.2982,1.0,"Statistical archetype: Ball-Playing Goalkeeper | Spatial profile: Deep Goalkeeper Zone | Mean position: X=11.3, Y=49.0 | Wide=0.00, Half-space=0.00, Central=1.00 | Spatial spread=2.35"
191210,Mike Maignan,France,G,31.0,720.0,6.7875,22000000.0,EUR,0,Ball-Playing Goalkeeper,Deep Goalkeeper Zone,Ball-Playing Goalkeeper,Central Lane,Goal Area,Highly Fixed,88.57,8,311,11.6389,47.7051,1.6245,2.7574,3.2004,1.0,0.0,0.0,0.0,0.0,1.0,0.0,0.0,0.0,0.0,0.2381,1.0,"Statistical archetype: Ball-Playing Goalkeeper | Spatial profile: Deep Goalkeeper Zone | Mean position: X=11.6, Y=47.7 | Wide=0.00, Half-space=0.00, Central=1.00 | Spatial spread=3.20"
539792,Ronwen Williams,South Africa,G,34.5,360.0,7.15,825000.0,EUR,0,Ball-Playing Goalkeeper,Deep Goalkeeper Zone,Ball-Playing Goalkeeper,Central Lane,Goal Area,Highly Fixed,80.93,4,287,12.4847,49.7017,2.0252,2.6949,3.371,1.0,0.0,0.0,0.0,0.0,1.0,0.0,0.0,0.0,0.0,0.2288,0.93,"Statistical archetype: Ball-Playing Goalkeeper | Spatial profile: Deep Goalkeeper Zone | Mean position: X=12.5, Y=49.7 | Wide=0.00, Half-space=0.00, Central=1.00 | Spatial spread=3.37"
243609,Alisson,Brazil,G,33.8,450.0,7.22,16500000.0,EUR,0,Ball-Playing Goalkeeper,Deep Goalkeeper Zone,Ball-Playing Goalkeeper,Central Lane,Goal Area,Highly Fixed,79.93,5,192,11.5536,47.8865,2.0268,2.3256,3.0849,1.0,0.0,0.0,0.0,0.0,1.0,0.0,0.0,0.0,0.0,0.2448,0.8947,"Statistical archetype: Ball-Playing Goalkeeper | Spatial profile: Deep Goalkeeper Zone | Mean position: X=11.6, Y=47.9 | Wide=0.00, Half-space=0.00, Central=1.00 | Spatial spread=3.08"
155736,Maxime Crépeau,Canada,G,31.7,450.0,6.44,1900000.0,EUR,0,Ball-Playing Goalkeeper,Advanced Goalkeeper Zone,Ball-Playing Goalkeeper,Central Lane,Goal Area,Highly Fixed,79.19,5,187,16.1529,51.9374,3.1582,1.5445,3.5156,1.0,0.0,0.0,0.0,0.0,1.0,0.0,0.0,0.0,0.0,0.2215,0.893,"Statistical archetype: Ball-Playing Goalkeeper | Spatial profile: Advanced Goalkeeper Zone | Mean position: X=16.2, Y=51.9 | Wide=0.00, Half-space=0.00, Central=1.00 | Spatial spread=3.52"
190419,Dominik Livaković,Croatia,G,31.5,360.0,6.775,4099999.0,EUR,0,Ball-Playing Goalkeeper,Deep Goalkeeper Zone,Ball-Playing Goalkeeper,Central Lane,Goal Area,Highly Fixed,73.68,4,186,8.7183,50.2199,0.774,1.7555,1.9185,1.0,0.0,0.0,0.0,0.0,1.0,0.0,0.0,0.0,0.0,0.3426,0.8276,"Statistical archetype: Ball-Playing Goalkeeper | Spatial profile: Deep Goalkeeper Zone | Mean position: X=8.7, Y=50.2 | Wide=0.00, Half-space=0.00, Central=1.00 | Spatial spread=1.92"
282073,Alexander Schlager,Austria,G,30.5,360.0,6.45,1900000.0,EUR,0,Ball-Playing Goalkeeper,Deep Goalkeeper Zone,Ball-Playing Goalkeeper,Central Lane,Goal Area,Highly Fixed,72.01,4,188,10.9197,50.9138,2.9041,2.3062,3.7084,1.0,0.0,0.0,0.0,0.0,1.0,0.0,0.0,0.0,0.0,0.2124,0.8308,"Statistical archetype: Ball-Playing Goalkeeper | Spatial profile: Deep Goalkeeper Zone | Mean position: X=10.9, Y=50.9 | Wide=0.00, Half-space=0.00, Central=1.00 | Spatial spread=3.71"
994363,Bart Verbruggen,Netherlands,G,23.9,390.0,7.3538461538461535,37000000.0,EUR,0,Ball-Playing Goalkeeper,Deep Goalkeeper Zone,Ball-Playing Goalkeeper,Central Lane,Goal Area,Highly Fixed,71.29,4,183,10.5667,48.6902,1.3727,3.4776,3.7387,1.0,0.0,0.0,0.0,0.0,1.0,0.0,0.0,0.0,0.0,0.211,0.8228,"Statistical archetype: Ball-Playing Goalkeeper | Spatial profile: Deep Goalkeeper Zone | Mean position: X=10.6, Y=48.7 | Wide=0.00, Half-space=0.00, Central=1.00 | Spatial spread=3.74"
588618,Hernán Galíndez,Ecuador,G,39.3,360.0,7.125,280000.0,EUR,0,Ball-Playing Goalkeeper,Deep Goalkeeper Zone,Ball-Playing Goalkeeper,Central Lane,Goal Area,Highly Fixed,66.87,4,144,10.1181,49.384,1.1065,0.7628,1.3439,1.0,0.0,0.0,0.0,0.0,1.0,0.0,0.0,0.0,0.0,0.4266,0.7167,"Statistical archetype: Ball-Playing Goalkeeper | Spatial profile: Deep Goalkeeper Zone | Mean position: X=10.1, Y=49.4 | Wide=0.00, Half-space=0.00, Central=1.00 | Spatial spread=1.34"
197904,Max Crocombe,New Zealand,G,32.9,270.0,6.333333333333333,1000000.0,EUR,0,Ball-Playing Goalkeeper,Deep Goalkeeper Zone,Ball-Playing Goalkeeper,Central Lane,Goal Area,Highly Fixed,64.12,3,157,9.7682,50.6306,0.9125,0.614,1.0999,1.0,0.0,0.0,0.0,0.0,1.0,0.0,0.0,0.0,0.0,0.4762,0.7112,"Statistical archetype: Ball-Playing Goalkeeper | Spatial profile: Deep Goalkeeper Zone | Mean position: X=9.8, Y=50.6 | Wide=0.00, Half-space=0.00, Central=1.00 | Spatial spread=1.10"
37224,Johny Placide,Haiti,G,38.5,270.0,6.8,155000.0,EUR,0,Ball-Playing Goalkeeper,Deep Goalkeeper Zone,Ball-Playing Goalkeeper,Central Lane,Goal Area,Highly Fixed,61.28,3,146,11.7932,47.6027,1.2096,1.0003,1.5696,1.0,0.0,0.0,0.0,0.0,1.0,0.0,0.0,0.0,0.0,0.3892,0.6936,"Statistical archetype: Ball-Playing Goalkeeper | Spatial profile: Deep Goalkeeper Zone | Mean position: X=11.8, Y=47.6 | Wide=0.00, Half-space=0.00, Central=1.00 | Spatial spread=1.57"
886041,Orlando Mosquera,Panama,G,31.6,270.0,6.8,725000.0,EUR,0,Ball-Playing Goalkeeper,Deep Goalkeeper Zone,Ball-Playing Goalkeeper,Central Lane,Goal Area,Highly Fixed,59.4,3,144,10.5132,46.1854,1.8015,1.7865,2.5371,1.0,0.0,0.0,0.0,0.0,1.0,0.0,0.0,0.0,0.0,0.2827,0.6904,"Statistical archetype: Ball-Playing Goalkeeper | Spatial profile: Deep Goalkeeper Zone | Mean position: X=10.5, Y=46.2 | Wide=0.00, Half-space=0.00, Central=1.00 | Spatial spread=2.54"
802133,Luca Zidane,Algeria,G,28.2,270.0,6.5,910000.0,EUR,0,Ball-Playing Goalkeeper,Deep Goalkeeper Zone,Ball-Playing Goalkeeper,Central Lane,Goal Area,Highly Fixed,57.35,3,132,13.9621,48.9871,2.8671,0.2791,2.8807,1.0,0.0,0.0,0.0,0.0,1.0,0.0,0.0,0.0,0.0,0.2577,0.6712,"Statistical archetype: Ball-Playing Goalkeeper | Spatial profile: Deep Goalkeeper Zone | Mean position: X=14.0, Y=49.0 | Wide=0.00, Half-space=0.00, Central=1.00 | Spatial spread=2.88"
754330,Uğurcan Çakır,Türkiye,G,30.3,270.0,6.5,14500000.0,EUR,0,Ball-Playing Goalkeeper,Advanced Goalkeeper Zone,Ball-Playing Goalkeeper,Central Lane,Goal Area,Positionally Stable,56.49,3,134,15.4761,49.7358,4.1065,1.8083,4.487,1.0,0.0,0.0,0.0,0.0,1.0,0.0,0.0,0.0,0.0,0.1822,0.6744,"Statistical archetype: Ball-Playing Goalkeeper | Spatial profile: Advanced Goalkeeper Zone | Mean position: X=15.5, Y=49.7 | Wide=0.00, Half-space=0.00, Central=1.00 | Spatial spread=4.49"
22596,Kristoffer Nordfeldt,Sweden,G,37.1,180.0,5.95,190000.0,EUR,0,Ball-Playing Goalkeeper,Deep Goalkeeper Zone,Ball-Playing Goalkeeper,Central Lane,Goal Area,Highly Fixed,43.54,2,85,10.0376,46.4612,1.9609,1.7359,2.6189,1.0,0.0,0.0,0.0,0.0,1.0,0.0,0.0,0.0,0.0,0.2763,0.526,"Statistical archetype: Ball-Playing Goalkeeper | Spatial profile: Deep Goalkeeper Zone | Mean position: X=10.0, Y=46.5 | Wide=0.00, Half-space=0.00, Central=1.00 | Spatial spread=2.62"
556866,Gregor Kobel,Switzerland,G,28.6,600.0,7.56,41000000.0,EUR,1,Commanding Goalkeeper,Deep Goalkeeper Zone,Commanding Goalkeeper,Central Lane,Goal Area,Highly Fixed,89.26,6,350,9.9866,50.0206,1.4588,2.0569,2.5217,1.0,0.0,0.0,0.0,0.0,1.0,0.0,0.0,0.0,0.0,0.284,1.0,"Statistical archetype: Commanding Goalkeeper | Spatial profile: Deep Goalkeeper Zone | Mean position: X=10.0, Y=50.0 | Wide=0.00, Half-space=0.00, Central=1.00 | Spatial spread=2.52"
138530,Jordan Pickford,England,G,32.4,660.0,6.5227272727272725,13900000.0,EUR,1,Commanding Goalkeeper,Advanced Goalkeeper Zone,Commanding Goalkeeper,Central Lane,Goal Area,Highly Fixed,89.18,7,377,14.0554,51.161,2.2127,1.3464,2.5901,1.0,0.0,0.0,0.0,0.0,1.0,0.0,0.0,0.0,0.0,0.2785,1.0,"Statistical archetype: Commanding Goalkeeper | Spatial profile: Advanced Goalkeeper Zone | Mean position: X=14.1, Y=51.2 | Wide=0.00, Half-space=0.00, Central=1.00 | Spatial spread=2.59"
797291,Unai Simón,Spain,G,29.1,750.0,6.924,21000000.0,EUR,1,Commanding Goalkeeper,Deep Goalkeeper Zone,Commanding Goalkeeper,Central Lane,Goal Area,Highly Fixed,88.8,8,454,12.13,49.8441,1.1065,2.7285,2.9444,1.0,0.0,0.0,0.0,0.0,1.0,0.0,0.0,0.0,0.0,0.2535,1.0,"Statistical archetype: Commanding Goalkeeper | Spatial profile: Deep Goalkeeper Zone | Mean position: X=12.1, Y=49.8 | Wide=0.00, Half-space=0.00, Central=1.00 | Spatial spread=2.94"
70988,Thibaut Courtois,Belgium,G,34.2,551.0,7.0165154264972776,14500000.0,EUR,1,Commanding Goalkeeper,Deep Goalkeeper Zone,Commanding Goalkeeper,Central Lane,Goal Area,Highly Fixed,88.8,6,286,10.2986,49.7381,0.9317,2.7922,2.9435,1.0,0.0,0.0,0.0,0.0,1.0,0.0,0.0,0.0,0.0,0.2536,1.0,"Statistical archetype: Commanding Goalkeeper | Spatial profile: Deep Goalkeeper Zone | Mean position: X=10.3, Y=49.7 | Wide=0.00, Half-space=0.00, Central=1.00 | Spatial spread=2.94"
1048378,Mostafa Shobeir,Egypt,G,26.3,480.0,7.4125,1300000.0,EUR,1,Commanding Goalkeeper,Deep Goalkeeper Zone,Commanding Goalkeeper,Central Lane,Goal Area,Highly Fixed,88.33,5,235,8.7574,49.4962,1.456,0.9894,1.7604,1.0,0.0,0.0,0.0,0.0,1.0,0.0,0.0,0.0,0.0,0.3623,0.976,"Statistical archetype: Commanding Goalkeeper | Spatial profile: Deep Goalkeeper Zone | Mean position: X=8.8, Y=49.5 | Wide=0.00, Half-space=0.00, Central=1.00 | Spatial spread=1.76"
990408,Raúl Rangel,Mexico,G,26.4,438.0,7.205479452054795,6300000.0,EUR,1,Commanding Goalkeeper,Deep Goalkeeper Zone,Commanding Goalkeeper,Central Lane,Goal Area,Highly Fixed,86.91,5,233,10.0476,48.2966,1.8631,1.6608,2.4959,1.0,0.0,0.0,0.0,0.0,1.0,0.0,0.0,0.0,0.0,0.286,0.9728,"Statistical archetype: Commanding Goalkeeper | Spatial profile: Deep Goalkeeper Zone | Mean position: X=10.0, Y=48.3 | Wide=0.00, Half-space=0.00, Central=1.00 | Spatial spread=2.50"
307436,Vozinha,Cabo Verde,G,40.1,390.0,7.923076923076923,48000.0,EUR,1,Commanding Goalkeeper,Deep Goalkeeper Zone,Commanding Goalkeeper,Central Lane,Goal Area,Highly Fixed,83.42,4,255,9.0859,48.0631,1.2385,0.903,1.5328,1.0,0.0,0.0,0.0,0.0,1.0,0.0,0.0,0.0,0.0,0.3948,0.93,"Statistical archetype: Commanding Goalkeeper | Spatial profile: Deep Goalkeeper Zone | Mean position: X=9.1, Y=48.1 | Wide=0.00, Half-space=0.00, Central=1.00 | Spatial spread=1.53"
843115,Diogo Costa,Portugal,G,26.8,450.0,7.46,42000000.0,EUR,1,Commanding Goalkeeper,Deep Goalkeeper Zone,Commanding Goalkeeper,Central Lane,Goal Area,Highly Fixed,83.27,5,206,8.7854,50.5718,2.291,0.6559,2.3831,1.0,0.0,0.0,0.0,0.0,1.0,0.0,0.0,0.0,0.0,0.2956,0.9296,"Statistical archetype: Commanding Goalkeeper | Spatial profile: Deep Goalkeeper Zone | Mean position: X=8.8, Y=50.6 | Wide=0.00, Half-space=0.00, Central=1.00 | Spatial spread=2.38"
325061,Nikola Vasilj,Bosnia & Herzegovina,G,30.6,360.0,6.0,4099999.0,EUR,1,Commanding Goalkeeper,Deep Goalkeeper Zone,Commanding Goalkeeper,Central Lane,Goal Area,Highly Fixed,78.91,4,216,11.9407,49.9537,1.174,0.8173,1.4305,1.0,0.0,0.0,0.0,0.0,1.0,0.0,0.0,0.0,0.0,0.4114,0.8756,"Statistical archetype: Commanding Goalkeeper | Spatial profile: Deep Goalkeeper Zone | Mean position: X=11.9, Y=50.0 | Wide=0.00, Half-space=0.00, Central=1.00 | Spatial spread=1.43"
599192,Lionel Mpasi Nzau,DR Congo,G,32.0,360.0,6.825,370000.0,EUR,1,Commanding Goalkeeper,Deep Goalkeeper Zone,Commanding Goalkeeper,Central Lane,Goal Area,Highly Fixed,74.9,4,195,9.921,49.6262,1.2121,1.52,1.9442,1.0,0.0,0.0,0.0,0.0,1.0,0.0,0.0,0.0,0.0,0.3397,0.842,"Statistical archetype: Commanding Goalkeeper | Spatial profile: Deep Goalkeeper Zone | Mean position: X=9.9, Y=49.6 | Wide=0.00, Half-space=0.00, Central=1.00 | Spatial spread=1.94"
8959,Manuel Neuer,Germany,G,40.3,390.0,7.0,4099999.0,EUR,1,Commanding Goalkeeper,Advanced Goalkeeper Zone,Commanding Goalkeeper,Central Lane,Goal Area,Highly Fixed,74.28,4,192,14.2234,49.8307,1.4914,1.421,2.06,1.0,0.0,0.0,0.0,0.0,1.0,0.0,0.0,0.0,0.0,0.3268,0.8372,"Statistical archetype: Commanding Goalkeeper | Spatial profile: Advanced Goalkeeper Zone | Mean position: X=14.2, Y=49.8 | Wide=0.00, Half-space=0.00, Central=1.00 | Spatial spread=2.06"
905351,Zion Suzuki,Japan,G,23.9,360.0,7.2,21000000.0,EUR,1,Commanding Goalkeeper,Deep Goalkeeper Zone,Commanding Goalkeeper,Central Lane,Goal Area,Highly Fixed,71.95,4,175,8.9977,49.5063,0.9098,1.818,2.033,1.0,0.0,0.0,0.0,0.0,1.0,0.0,0.0,0.0,0.0,0.3297,0.81,"Statistical archetype: Commanding Goalkeeper | Spatial profile: Deep Goalkeeper Zone | Mean position: X=9.0, Y=49.5 | Wide=0.00, Half-space=0.00, Central=1.00 | Spatial spread=2.03"
227946,Angus Gunn,Scotland,G,30.5,270.0,7.433333333333334,1100000.0,EUR,1,Commanding Goalkeeper,Deep Goalkeeper Zone,Commanding Goalkeeper,Central Lane,Goal Area,Highly Fixed,64.7,3,170,9.7253,49.7665,1.0758,1.1066,1.5433,1.0,0.0,0.0,0.0,0.0,1.0,0.0,0.0,0.0,0.0,0.3932,0.732,"Statistical archetype: Commanding Goalkeeper | Spatial profile: Deep Goalkeeper Zone | Mean position: X=9.7, Y=49.8 | Wide=0.00, Half-space=0.00, Central=1.00 | Spatial spread=1.54"
791374,Alireza Beiranvand,Iran,G,33.8,270.0,7.633333333333334,600000.0,EUR,1,Commanding Goalkeeper,Deep Goalkeeper Zone,Commanding Goalkeeper,Central Lane,Goal Area,Highly Fixed,61.31,3,149,9.3248,47.3195,0.6141,1.6411,1.7522,1.0,0.0,0.0,0.0,0.0,1.0,0.0,0.0,0.0,0.0,0.3633,0.6984,"Statistical archetype: Commanding Goalkeeper | Spatial profile: Deep Goalkeeper Zone | Mean position: X=9.3, Y=47.3 | Wide=0.00, Half-space=0.00, Central=1.00 | Spatial spread=1.75"
1457083,Benjamin Asare,Ghana,G,34.0,225.0,7.0,93000.0,EUR,1,Commanding Goalkeeper,Deep Goalkeeper Zone,Commanding Goalkeeper,Central Lane,Goal Area,Highly Fixed,49.11,3,92,9.4054,48.3902,1.6132,2.9858,3.3937,1.0,0.0,0.0,0.0,0.0,1.0,0.0,0.0,0.0,0.0,0.2276,0.5635,"Statistical archetype: Commanding Goalkeeper | Spatial profile: Deep Goalkeeper Zone | Mean position: X=9.4, Y=48.4 | Wide=0.00, Half-space=0.00, Central=1.00 | Spatial spread=3.39"
991709,Orlando Gill,Paraguay,G,26.1,480.0,8.00625,5600000.0,EUR,2,Commanding Shot Stopper,Deep Goalkeeper Zone,Commanding Shot Stopper,Central Lane,Goal Area,Highly Fixed,90.6,5,255,9.7788,50.4169,0.8658,1.4376,1.6782,1.0,0.0,0.0,0.0,0.0,1.0,0.0,0.0,0.0,0.0,0.3734,1.0,"Statistical archetype: Commanding Shot Stopper | Spatial profile: Deep Goalkeeper Zone | Mean position: X=9.8, Y=50.4 | Wide=0.00, Half-space=0.00, Central=1.00 | Spatial spread=1.68"
22209,Ørjan Nyland,Norway,G,35.9,480.0,7.3375,825000.0,EUR,2,Commanding Shot Stopper,Deep Goalkeeper Zone,Commanding Shot Stopper,Central Lane,Goal Area,Highly Fixed,88.56,5,273,10.1832,49.0099,1.6991,2.723,3.2096,1.0,0.0,0.0,0.0,0.0,1.0,0.0,0.0,0.0,0.0,0.2376,1.0,"Statistical archetype: Commanding Shot Stopper | Spatial profile: Deep Goalkeeper Zone | Mean position: X=10.2, Y=49.0 | Wide=0.00, Half-space=0.00, Central=1.00 | Spatial spread=3.21"
1177240,Patrick Beach,Australia,G,23.0,389.0,7.4015424164524415,965000.0,EUR,2,Commanding Shot Stopper,Deep Goalkeeper Zone,Commanding Shot Stopper,Central Lane,Goal Area,Highly Fixed,73.65,4,182,7.7445,48.8769,1.5346,0.5907,1.6444,1.0,0.0,0.0,0.0,0.0,1.0,0.0,0.0,0.0,0.0,0.3782,0.8212,"Statistical archetype: Commanding Shot Stopper | Spatial profile: Deep Goalkeeper Zone | Mean position: X=7.7, Y=48.9 | Wide=0.00, Half-space=0.00, Central=1.00 | Spatial spread=1.64"
877977,Yahia Fofana,Côte d'Ivoire,G,25.9,360.0,7.15,5200000.0,EUR,2,Commanding Shot Stopper,Deep Goalkeeper Zone,Commanding Shot Stopper,Central Lane,Goal Area,Highly Fixed,68.62,4,164,9.7293,48.6933,0.831,2.8454,2.9643,1.0,0.0,0.0,0.0,0.0,1.0,0.0,0.0,0.0,0.0,0.2523,0.7799,"Statistical archetype: Commanding Shot Stopper | Spatial profile: Deep Goalkeeper Zone | Mean position: X=9.7, Y=48.7 | Wide=0.00, Half-space=0.00, Central=1.00 | Spatial spread=2.96"
973436,Matthew Freese,USA,G,27.9,360.0,6.425,2100000.0,EUR,2,Commanding Shot Stopper,Deep Goalkeeper Zone,Commanding Shot Stopper,Central Lane,Goal Area,Highly Fixed,67.39,4,144,9.6382,50.5771,0.8122,1.1973,1.4468,1.0,0.0,0.0,0.0,0.0,1.0,0.0,0.0,0.0,0.0,0.4087,0.7323,"Statistical archetype: Commanding Shot Stopper | Spatial profile: Deep Goalkeeper Zone | Mean position: X=9.6, Y=50.6 | Wide=0.00, Half-space=0.00, Central=1.00 | Spatial spread=1.45"
235686,Kim Seung-gyu,South Korea,G,35.8,270.0,6.766666666666667,530000.0,EUR,2,Commanding Shot Stopper,Deep Goalkeeper Zone,Commanding Shot Stopper,Central Lane,Goal Area,Highly Fixed,64.95,3,175,11.0886,47.868,0.9051,1.5004,1.7523,1.0,0.0,0.0,0.0,0.0,1.0,0.0,0.0,0.0,0.0,0.3633,0.74,"Statistical archetype: Commanding Shot Stopper | Spatial profile: Deep Goalkeeper Zone | Mean position: X=11.1, Y=47.9 | Wide=0.00, Half-space=0.00, Central=1.00 | Spatial spread=1.75"
1012458,Mahmud Abunada,Qatar,G,26.5,270.0,6.266666666666667,420000.0,EUR,2,Commanding Shot Stopper,Deep Goalkeeper Zone,Commanding Shot Stopper,Central Lane,Goal Area,Highly Fixed,61.53,3,148,8.0426,50.2966,0.7902,1.3702,1.5817,1.0,0.0,0.0,0.0,0.0,1.0,0.0,0.0,0.0,0.0,0.3873,0.6968,"Statistical archetype: Commanding Shot Stopper | Spatial profile: Deep Goalkeeper Zone | Mean position: X=8.0, Y=50.3 | Wide=0.00, Half-space=0.00, Central=1.00 | Spatial spread=1.58"
40859,Eloy Room,Curaçao,G,37.4,270.0,7.2,155000.0,EUR,2,Commanding Shot Stopper,Deep Goalkeeper Zone,Commanding Shot Stopper,Central Lane,Goal Area,Highly Fixed,60.97,3,146,7.3445,47.0671,1.545,0.744,1.7148,1.0,0.0,0.0,0.0,0.0,1.0,0.0,0.0,0.0,0.0,0.3684,0.6936,"Statistical archetype: Commanding Shot Stopper | Spatial profile: Deep Goalkeeper Zone | Mean position: X=7.3, Y=47.1 | Wide=0.00, Half-space=0.00, Central=1.00 | Spatial spread=1.71"
927366,Matěj Kovář,Czechia,G,26.2,270.0,6.633333333333334,8300000.0,EUR,2,Commanding Shot Stopper,Deep Goalkeeper Zone,Commanding Shot Stopper,Central Lane,Goal Area,Highly Fixed,60.95,3,141,9.8936,48.1865,1.1998,0.7476,1.4137,1.0,0.0,0.0,0.0,0.0,1.0,0.0,0.0,0.0,0.0,0.4143,0.6856,"Statistical archetype: Commanding Shot Stopper | Spatial profile: Deep Goalkeeper Zone | Mean position: X=9.9, Y=48.2 | Wide=0.00, Half-space=0.00, Central=1.00 | Spatial spread=1.41"
791416,Mohammed Al-Owais,Saudi Arabia,G,34.8,270.0,7.333333333333333,270000.0,EUR,2,Commanding Shot Stopper,Deep Goalkeeper Zone,Commanding Shot Stopper,Central Lane,Goal Area,Highly Fixed,60.41,3,140,7.3443,49.3821,0.8549,1.3302,1.5813,1.0,0.0,0.0,0.0,0.0,1.0,0.0,0.0,0.0,0.0,0.3874,0.684,"Statistical archetype: Commanding Shot Stopper | Spatial profile: Deep Goalkeeper Zone | Mean position: X=7.3, Y=49.4 | Wide=0.00, Half-space=0.00, Central=1.00 | Spatial spread=1.58"
580226,Mory Diaw,Senegal,G,33.1,237.0,6.508860759493671,950000.0,EUR,2,Commanding Shot Stopper,Deep Goalkeeper Zone,Commanding Shot Stopper,Central Lane,Goal Area,Highly Fixed,55.97,3,128,11.3359,50.2164,0.9681,2.038,2.2562,1.0,0.0,0.0,0.0,0.0,1.0,0.0,0.0,0.0,0.0,0.3071,0.6336,"Statistical archetype: Commanding Shot Stopper | Spatial profile: Deep Goalkeeper Zone | Mean position: X=11.3, Y=50.2 | Wide=0.00, Half-space=0.00, Central=1.00 | Spatial spread=2.26"
28381,Fernando Muslera,Uruguay,G,40.1,225.0,5.84,640000.0,EUR,2,Commanding Shot Stopper,Deep Goalkeeper Zone,Commanding Shot Stopper,Central Lane,Goal Area,Highly Fixed,55.28,3,107,12.0935,50.9252,1.8075,0.294,1.8312,1.0,0.0,0.0,0.0,0.0,1.0,0.0,0.0,0.0,0.0,0.3532,0.6312,"Statistical archetype: Commanding Shot Stopper | Spatial profile: Deep Goalkeeper Zone | Mean position: X=12.1, Y=50.9 | Wide=0.00, Half-space=0.00, Central=1.00 | Spatial spread=1.83"
828294,Yazeed Abu Laila,Jordan,G,33.5,270.0,6.333333333333333,290000.0,EUR,2,Commanding Shot Stopper,Deep Goalkeeper Zone,Commanding Shot Stopper,Central Lane,Goal Area,Highly Fixed,54.1,3,110,9.6945,47.0482,0.6038,2.1559,2.2389,1.0,0.0,0.0,0.0,0.0,1.0,0.0,0.0,0.0,0.0,0.3087,0.6173,"Statistical archetype: Commanding Shot Stopper | Spatial profile: Deep Goalkeeper Zone | Mean position: X=9.7, Y=47.0 | Wide=0.00, Half-space=0.00, Central=1.00 | Spatial spread=2.24"
978728,Jacob Widell Zetterström,Sweden,G,28.0,180.0,7.65,2400000.0,EUR,2,Commanding Shot Stopper,Deep Goalkeeper Zone,Commanding Shot Stopper,Central Lane,Goal Area,Highly Fixed,48.12,2,118,11.1093,48.6771,2.6553,0.108,2.6575,1.0,0.0,0.0,0.0,0.0,1.0,0.0,0.0,0.0,0.0,0.2734,0.5788,"Statistical archetype: Commanding Shot Stopper | Spatial profile: Deep Goalkeeper Zone | Mean position: X=11.1, Y=48.7 | Wide=0.00, Half-space=0.00, Central=1.00 | Spatial spread=2.66"
1000465,Abduvokhid Nematov,Uzbekistan,G,25.3,180.0,6.15,1400000.0,EUR,2,Commanding Shot Stopper,Deep Goalkeeper Zone,Commanding Shot Stopper,Central Lane,Goal Area,Highly Fixed,43.81,2,84,10.7321,49.4321,0.9697,2.0796,2.2946,1.0,0.0,0.0,0.0,0.0,1.0,0.0,0.0,0.0,0.0,0.3035,0.5244,"Statistical archetype: Commanding Shot Stopper | Spatial profile: Deep Goalkeeper Zone | Mean position: X=10.7, Y=49.4 | Wide=0.00, Half-space=0.00, Central=1.00 | Spatial spread=2.29"
1198374,Aymen Dahmen,Tunisia,G,29.5,180.0,6.4,720000.0,EUR,2,Commanding Shot Stopper,Deep Goalkeeper Zone,Commanding Shot Stopper,Central Lane,Goal Area,Highly Fixed,42.04,2,79,8.4633,48.3443,1.3332,2.8223,3.1213,1.0,0.0,0.0,0.0,0.0,1.0,0.0,0.0,0.0,0.0,0.2426,0.5133,"Statistical archetype: Commanding Shot Stopper | Spatial profile: Deep Goalkeeper Zone | Mean position: X=8.5, Y=48.3 | Wide=0.00, Half-space=0.00, Central=1.00 | Spatial spread=3.12"
789071,Dani Olmo,Spain,M,28.2,495.0,7.04020202020202,58000000.0,EUR,0,Wide Creator,Advanced Central Zone,Advanced Central Playmaker,Central Lane,Advanced Middle Third,Positionally Stable,87.57,8,365,58.9545,43.3882,3.6029,3.2201,4.8322,0.0,1.0,0.0,0.0,0.1781,0.8219,0.0,0.0,0.0,0.1781,0.1715,1.0,"Statistical archetype: Wide Creator | Spatial profile: Advanced Central Zone | Mean position: X=59.0, Y=43.4 | Wide=0.00, Half-space=0.18, Central=0.82 | Spatial spread=4.83"
107414,James Rodríguez,Colombia,M,35.0,317.0,7.12429022082019,1500000.0,EUR,0,Wide Creator,Advanced Central Zone,Advanced Central Playmaker,Central Lane,Advanced Middle Third,Positionally Stable,87.05,5,308,60.1916,47.1218,4.4532,4.5039,6.3337,0.0,1.0,0.0,0.0,0.0,1.0,0.0,0.0,0.0,0.0,0.1364,1.0,"Statistical archetype: Wide Creator | Spatial profile: Advanced Central Zone | Mean position: X=60.2, Y=47.1 | Wide=0.00, Half-space=0.00, Central=1.00 | Spatial spread=6.33"
992587,Pedri,Spain,M,23.6,499.0,7.373947895791583,164000000.0,EUR,0,Wide Creator,Advanced Central Zone,Advanced Central Playmaker,Central Lane,Advanced Middle Third,Mobile,86.66,8,647,60.5247,56.4317,7.0369,3.8961,8.0434,0.0,0.779,0.221,0.0,0.0,0.7666,0.2334,0.0,0.0,0.2334,0.1106,1.0,"Statistical archetype: Wide Creator | Spatial profile: Advanced Central Zone | Mean position: X=60.5, Y=56.4 | Wide=0.00, Half-space=0.23, Central=0.77 | Spatial spread=8.04"
886223,Stephen Eustaquio,Canada,M,29.6,391.0,7.850127877237852,6500000.0,EUR,0,Wide Creator,Advanced Central Zone,Advanced Central Playmaker,Central Lane,Advanced Middle Third,Mobile,86.57,5,414,62.0708,57.1679,5.2441,6.7903,8.5795,0.0,0.7174,0.2826,0.0,0.0,0.8068,0.1932,0.0,0.0,0.1932,0.1044,1.0,"Statistical archetype: Wide Creator | Spatial profile: Advanced Central Zone | Mean position: X=62.1, Y=57.2 | Wide=0.00, Half-space=0.19, Central=0.81 | Spatial spread=8.58"
135700,Hakan Çalhanoğlu,Türkiye,M,32.4,180.0,7.4,16700000.0,EUR,0,Wide Creator,Advanced Central Zone,Advanced Central Playmaker,Central Lane,Advanced Middle Third,Highly Fixed,69.97,2,257,58.0969,57.8938,0.5724,0.8303,1.0085,0.0,1.0,0.0,0.0,0.0,1.0,0.0,0.0,0.0,0.0,0.4979,0.79,"Statistical archetype: Wide Creator | Spatial profile: Advanced Central Zone | Mean position: X=58.1, Y=57.9 | Wide=0.00, Half-space=0.00, Central=1.00 | Spatial spread=1.01"
1914576,Gilberto Mora,Mexico,M,17.8,215.0,6.60046511627907,11000000.0,EUR,0,Wide Creator,Advanced Central Zone,Advanced Central Playmaker,Central Lane,Advanced Middle Third,Positionally Stable,64.08,4,147,61.8673,41.9061,2.4613,6.3029,6.7664,0.0,1.0,0.0,0.0,0.3333,0.6667,0.0,0.0,0.0,0.3333,0.1288,0.7465,"Statistical archetype: Wide Creator | Spatial profile: Advanced Central Zone | Mean position: X=61.9, Y=41.9 | Wide=0.00, Half-space=0.33, Central=0.67 | Spatial spread=6.77"
893549,Tijjani Reijnders,Netherlands,M,28.0,201.0,6.6626865671641795,48000000.0,EUR,0,Wide Creator,Advanced Central Zone,Advanced Central Playmaker,Central Lane,Final Third,Highly Fixed,54.79,3,122,65.4025,58.7967,3.848,0.9505,3.9637,0.0,0.5656,0.4344,0.0,0.0,1.0,0.0,0.0,0.0,0.0,0.2015,0.649,"Statistical archetype: Wide Creator | Spatial profile: Advanced Central Zone | Mean position: X=65.4, Y=58.8 | Wide=0.00, Half-space=0.00, Central=1.00 | Spatial spread=3.96"
70996,Kevin De Bruyne,Belgium,M,35.1,387.0,7.196124031007752,8300000.0,EUR,3,Goal-Threat Midfielder,Advanced Central Zone,Advanced Goal-Threat Midfielder,Central Lane,Advanced Middle Third,Mobile,86.59,5,307,64.2577,54.2586,8.2351,1.8811,8.4472,0.0,0.4756,0.5244,0.0,0.0,1.0,0.0,0.0,0.0,0.0,0.1059,1.0,"Statistical archetype: Goal-Threat Midfielder | Spatial profile: Advanced Central Zone | Mean position: X=64.3, Y=54.3 | Wide=0.00, Half-space=0.00, Central=1.00 | Spatial spread=8.45"
1063767,Ismael Saibari,Morocco,M,25.5,385.0,7.198441558441558,44000000.0,EUR,3,Goal-Threat Midfielder,Advanced Central Zone,Advanced Goal-Threat Midfielder,Central Lane,Final Third,Mobile,70.37,4,187,65.0556,57.5021,1.3163,7.7463,7.8573,0.0,0.7059,0.2941,0.0,0.0,0.7059,0.2941,0.0,0.0,0.2941,0.1129,0.8292,"Statistical archetype: Goal-Threat Midfielder | Spatial profile: Advanced Central Zone | Mean position: X=65.1, Y=57.5 | Wide=0.00, Half-space=0.29, Central=0.71 | Spatial spread=7.86"
991011,Jude Bellingham,England,M,23.1,616.0,7.780519480519481,123000000.0,EUR,3,Goal-Threat Midfielder,Central Roaming Zone,Box-to-Box Goal-Threat Midfielder,Central Lane,Advanced Middle Third,Free-Roaming,86.19,8,456,55.8759,53.1248,5.8517,10.0756,11.6516,0.0,1.0,0.0,0.0,0.1031,0.7785,0.1184,0.0,0.0,0.2215,0.079,1.0,"Statistical archetype: Goal-Threat Midfielder | Spatial profile: Central Roaming Zone | Mean position: X=55.9, Y=53.1 | Wide=0.00, Half-space=0.22, Central=0.78 | Spatial spread=11.65"
967032,Emam Ashour,Egypt,M,28.4,366.0,7.20327868852459,4200000.0,EUR,3,Goal-Threat Midfielder,Central Half-Space,Central Goal-Threat Number 8,Central Lane,Advanced Middle Third,Free-Roaming,85.75,5,328,54.2878,55.6494,6.3138,17.8359,18.9204,0.0,1.0,0.0,0.0,0.1159,0.3445,0.5396,0.0,0.0,0.6555,0.0502,1.0,"Statistical archetype: Goal-Threat Midfielder | Spatial profile: Central Half-Space | Mean position: X=54.3, Y=55.6 | Wide=0.00, Half-space=0.66, Central=0.34 | Spatial spread=18.92"
944327,Dan Ndoye,Switzerland,M,25.7,408.0,7.125,31000000.0,EUR,3,Goal-Threat Midfielder,Central Advanced Half-Space,Central Goal-Threat Number 8,Central Lane,Advanced Middle Third,Free-Roaming,85.53,5,258,63.7085,55.6008,8.381,26.0171,27.3337,0.0,0.4264,0.5736,0.0,0.3992,0.0,0.6008,0.0,0.0,1.0,0.0353,1.0,"Statistical archetype: Goal-Threat Midfielder | Spatial profile: Central Advanced Half-Space | Mean position: X=63.7, Y=55.6 | Wide=0.00, Half-space=1.00, Central=0.00 | Spatial spread=27.33"
937937,Gonzalo Plata,Ecuador,M,25.7,360.0,6.825,8600000.0,EUR,3,Goal-Threat Midfielder,Central Advanced Half-Space,Central Goal-Threat Number 8,Central Lane,Advanced Middle Third,Mobile,78.99,4,282,62.0255,42.3326,4.5507,7.8594,9.0818,0.0,0.6667,0.3333,0.0,0.4858,0.5142,0.0,0.0,0.0,0.4858,0.0992,0.93,"Statistical archetype: Goal-Threat Midfielder | Spatial profile: Central Advanced Half-Space | Mean position: X=62.0, Y=42.3 | Wide=0.00, Half-space=0.49, Central=0.51 | Spatial spread=9.08"
1010231,Jamal Musiala,Germany,M,23.4,271.0,7.145756457564576,97000000.0,EUR,3,Goal-Threat Midfielder,Central Advanced Half-Space,Central Goal-Threat Number 8,Central Lane,Advanced Middle Third,Free-Roaming,76.01,4,232,64.906,48.7621,4.3536,12.8342,13.5525,0.0,0.5603,0.4397,0.0,0.2759,0.4397,0.2845,0.0,0.0,0.5603,0.0687,0.9012,"Statistical archetype: Goal-Threat Midfielder | Spatial profile: Central Advanced Half-Space | Mean position: X=64.9, Y=48.8 | Wide=0.00, Half-space=0.56, Central=0.44 | Spatial spread=13.55"
831808,Federico Valverde,Uruguay,M,28.0,237.0,6.713924050632912,87000000.0,EUR,3,Goal-Threat Midfielder,Central Advanced Half-Space,Central Goal-Threat Number 8,Central Lane,Advanced Middle Third,Free-Roaming,63.03,3,192,64.7693,51.0531,3.0875,11.5978,12.0017,0.0,0.625,0.375,0.0,0.375,0.1615,0.4635,0.0,0.0,0.8385,0.0769,0.7672,"Statistical archetype: Goal-Threat Midfielder | Spatial profile: Central Advanced Half-Space | Mean position: X=64.8, Y=51.1 | Wide=0.00, Half-space=0.84, Central=0.16 | Spatial spread=12.00"
1518931,Johan Manzambi,Switzerland,M,20.8,200.0,7.772,54000000.0,EUR,3,Goal-Threat Midfielder,Central Advanced Half-Space,Central Goal-Threat Number 8,Central Lane,Advanced Middle Third,Free-Roaming,58.18,4,124,64.4169,49.6323,6.9455,12.6106,14.3968,0.0,0.3065,0.6935,0.0,0.3871,0.3065,0.3065,0.0,0.0,0.6935,0.0649,0.6753,"Statistical archetype: Goal-Threat Midfielder | Spatial profile: Central Advanced Half-Space | Mean position: X=64.4, Y=49.6 | Wide=0.00, Half-space=0.69, Central=0.31 | Spatial spread=14.40"
978838,Michael Olise,France,M,24.6,650.0,7.3481538461538465,144000000.0,EUR,0,Wide Creator,Advanced Central Zone,Central Half-Space Creator,Central Lane,Advanced Middle Third,Positionally Stable,87.21,8,668,61.6828,41.5858,3.3734,4.7125,5.7955,0.0,0.8982,0.1018,0.0,0.4177,0.5823,0.0,0.0,0.0,0.4177,0.1472,1.0,"Statistical archetype: Wide Creator | Spatial profile: Advanced Central Zone | Mean position: X=61.7, Y=41.6 | Wide=0.00, Half-space=0.42, Central=0.58 | Spatial spread=5.80"
331737,Youri Tielemans,Belgium,M,29.2,475.0,7.518947368421053,33000000.0,EUR,0,Wide Creator,Central Half-Space,Central Half-Space Creator,Central Lane,Advanced Middle Third,Positionally Stable,87.06,5,405,52.643,44.0343,4.4682,4.415,6.2815,0.0,1.0,0.0,0.0,0.4543,0.5457,0.0,0.0,0.0,0.4543,0.1373,1.0,"Statistical archetype: Wide Creator | Spatial profile: Central Half-Space | Mean position: X=52.6, Y=44.0 | Wide=0.00, Half-space=0.45, Central=0.55 | Spatial spread=6.28"
991421,Azzedine Ounahi,Morocco,M,26.2,437.0,7.235697940503432,10300000.0,EUR,0,Wide Creator,Central Half-Space,Central Half-Space Creator,Central Lane,Advanced Middle Third,Mobile,86.54,6,428,54.0343,44.6332,4.4065,7.5719,8.7608,0.0,1.0,0.0,0.0,0.6098,0.3902,0.0,0.0,0.0,0.6098,0.1025,1.0,"Statistical archetype: Wide Creator | Spatial profile: Central Half-Space | Mean position: X=54.0, Y=44.6 | Wide=0.00, Half-space=0.61, Central=0.39 | Spatial spread=8.76"
355174,Patrick Berg,Norway,M,28.6,444.0,6.937837837837838,7500000.0,EUR,0,Wide Creator,Central Half-Space,Central Half-Space Creator,Central Lane,Advanced Middle Third,Mobile,86.52,6,278,51.8496,57.5806,2.6596,8.4605,8.8687,0.0,1.0,0.0,0.0,0.0504,0.4496,0.5,0.0,0.0,0.5504,0.1013,1.0,"Statistical archetype: Wide Creator | Spatial profile: Central Half-Space | Mean position: X=51.8, Y=57.6 | Wide=0.00, Half-space=0.55, Central=0.45 | Spatial spread=8.87"
844096,Jhon Arias,Colombia,M,28.8,381.0,7.235695538057743,16100000.0,EUR,0,Wide Creator,Central Half-Space,Central Half-Space Creator,Central Lane,Advanced Middle Third,Free-Roaming,85.82,5,354,56.0243,52.4119,4.3595,16.75,17.308,0.0,1.0,0.0,0.0,0.404,0.0,0.596,0.0,0.0,1.0,0.0546,1.0,"Statistical archetype: Wide Creator | Spatial profile: Central Half-Space | Mean position: X=56.0, Y=52.4 | Wide=0.00, Half-space=1.00, Central=0.00 | Spatial spread=17.31"
1389846,Lamine Camara,Senegal,M,22.5,250.0,6.5908,41000000.0,EUR,0,Wide Creator,Central Half-Space,Central Half-Space Creator,Central Lane,Advanced Middle Third,Mobile,75.0,4,221,54.9131,41.2751,4.4956,7.3819,8.6431,0.0,1.0,0.0,0.0,0.4661,0.5339,0.0,0.0,0.0,0.4661,0.1037,0.8836,"Statistical archetype: Wide Creator | Spatial profile: Central Half-Space | Mean position: X=54.9, Y=41.3 | Wide=0.00, Half-space=0.47, Central=0.53 | Spatial spread=8.64"
592010,Mikel Merino,Spain,M,30.1,210.0,6.788571428571428,26000000.0,EUR,0,Wide Creator,Central Half-Space,Central Half-Space Creator,Central Lane,Advanced Middle Third,Mobile,72.17,7,180,58.1361,40.2122,5.3613,5.9506,8.0096,0.0,0.9111,0.0889,0.0,0.5278,0.4722,0.0,0.0,0.0,0.5278,0.111,0.7942,"Statistical archetype: Wide Creator | Spatial profile: Central Half-Space | Mean position: X=58.1, Y=40.2 | Wide=0.00, Half-space=0.53, Central=0.47 | Spatial spread=8.01"
845273,Jean-Ricner Bellegarde,Haiti,M,28.1,261.0,6.76551724137931,17600000.0,EUR,0,Wide Creator,Central Half-Space,Central Half-Space Creator,Central Lane,Advanced Middle Third,Highly Fixed,70.22,3,220,51.8077,59.4805,1.8094,1.5722,2.397,0.0,1.0,0.0,0.0,0.0,0.2864,0.7136,0.0,0.0,0.7136,0.2944,0.812,"Statistical archetype: Wide Creator | Spatial profile: Central Half-Space | Mean position: X=51.8, Y=59.5 | Wide=0.00, Half-space=0.71, Central=0.29 | Spatial spread=2.40"
1093229,Nathan-Dylan Saliba,Canada,M,22.4,182.0,7.420329670329671,6900000.0,EUR,0,Wide Creator,Central Half-Space,Central Half-Space Creator,Central Lane,Advanced Middle Third,Free-Roaming,58.79,3,163,56.0926,46.238,7.083,12.5728,14.4307,0.0,0.7178,0.2822,0.0,0.7178,0.0,0.2822,0.0,0.0,1.0,0.0648,0.7208,"Statistical archetype: Wide Creator | Spatial profile: Central Half-Space | Mean position: X=56.1, Y=46.2 | Wide=0.00, Half-space=1.00, Central=0.00 | Spatial spread=14.43"
866469,Bruno Guimarães,Brazil,M,28.7,419.0,7.150119331742244,72000000.0,EUR,0,Wide Creator,Central Build-Up Zone,Creative Central Midfielder,Central Lane,Advanced Middle Third,Positionally Stable,87.09,5,318,54.3676,42.8884,5.6851,2.3945,6.1688,0.0,1.0,0.0,0.0,0.1698,0.8302,0.0,0.0,0.0,0.1698,0.1395,1.0,"Statistical archetype: Wide Creator | Spatial profile: Central Build-Up Zone | Mean position: X=54.4, Y=42.9 | Wide=0.00, Half-space=0.17, Central=0.83 | Spatial spread=6.17"
1013699,Marwan Attia,Egypt,M,27.9,434.0,7.139400921658986,3900000.0,EUR,0,Wide Creator,Central Build-Up Zone,Creative Central Midfielder,Central Lane,Deeper Half,Mobile,86.73,5,483,46.0085,53.8331,4.112,6.4776,7.6726,0.0,1.0,0.0,0.0,0.0,0.8696,0.1304,0.0,0.0,0.1304,0.1153,1.0,"Statistical archetype: Wide Creator | Spatial profile: Central Build-Up Zone | Mean position: X=46.0, Y=53.8 | Wide=0.00, Half-space=0.13, Central=0.87 | Spatial spread=7.67"
889378,Nicolas Raskin,Belgium,M,25.4,346.0,7.1026011560693645,10900000.0,EUR,0,Wide Creator,Central Build-Up Zone,Creative Central Midfielder,Central Lane,Deeper Half,Mobile,86.59,6,340,47.9579,52.1409,6.0681,5.8358,8.4189,0.0,1.0,0.0,0.0,0.0,1.0,0.0,0.0,0.0,0.0,0.1062,1.0,"Statistical archetype: Wide Creator | Spatial profile: Central Build-Up Zone | Mean position: X=48.0, Y=52.1 | Wide=0.00, Half-space=0.00, Central=1.00 | Spatial spread=8.42"
856714,Declan Rice,England,M,27.5,558.0,7.388709677419354,114000000.0,EUR,0,Wide Creator,Central Roaming Zone,Creative Central Midfielder,Central Lane,Advanced Middle Third,Free-Roaming,86.16,7,480,52.7785,51.0831,9.9961,6.5347,11.9426,0.0,1.0,0.0,0.0,0.0958,0.9042,0.0,0.0,0.0,0.0958,0.0773,1.0,"Statistical archetype: Wide Creator | Spatial profile: Central Roaming Zone | Mean position: X=52.8, Y=51.1 | Wide=0.00, Half-space=0.10, Central=0.90 | Spatial spread=11.94"
118085,Hans Vanaken,Belgium,M,33.9,324.0,6.868209876543211,4800000.0,EUR,0,Wide Creator,Central Build-Up Zone,Creative Central Midfielder,Central Lane,Advanced Middle Third,Positionally Stable,85.58,5,238,52.1433,53.3571,3.1011,4.6914,5.6237,0.0,1.0,0.0,0.0,0.0966,0.9034,0.0,0.0,0.0,0.0966,0.151,0.9808,"Statistical archetype: Wide Creator | Spatial profile: Central Build-Up Zone | Mean position: X=52.1, Y=53.4 | Wide=0.00, Half-space=0.10, Central=0.90 | Spatial spread=5.62"
987650,Moisés Caicedo,Ecuador,M,24.7,360.0,7.5,104000000.0,EUR,0,Wide Creator,Central Build-Up Zone,Creative Central Midfielder,Central Lane,Advanced Middle Third,Positionally Stable,79.98,4,416,51.2998,47.2048,2.0908,4.5902,5.044,0.0,1.0,0.0,0.0,0.2043,0.7957,0.0,0.0,0.0,0.2043,0.1655,0.93,"Statistical archetype: Wide Creator | Spatial profile: Central Build-Up Zone | Mean position: X=51.3, Y=47.2 | Wide=0.00, Half-space=0.20, Central=0.80 | Spatial spread=5.04"
15466,Luka Modrić,Croatia,M,40.9,319.0,7.117241379310345,3800000.0,EUR,0,Wide Creator,Central Build-Up Zone,Creative Central Midfielder,Central Lane,Deeper Half,Mobile,79.28,4,321,47.2109,50.2875,2.5768,6.9692,7.4303,0.0,1.0,0.0,0.0,0.0,1.0,0.0,0.0,0.0,0.0,0.1186,0.93,"Statistical archetype: Wide Creator | Spatial profile: Central Build-Up Zone | Mean position: X=47.2, Y=50.3 | Wide=0.00, Half-space=0.00, Central=1.00 | Spatial spread=7.43"
889689,Hwang In-beom,South Korea,M,29.8,264.0,7.4363636363636365,6400000.0,EUR,0,Wide Creator,Central Build-Up Zone,Creative Central Midfielder,Central Lane,Advanced Middle Third,Highly Fixed,74.62,3,279,50.2391,46.0247,1.0279,1.9992,2.248,0.0,1.0,0.0,0.0,0.0,1.0,0.0,0.0,0.0,0.0,0.3079,0.86,"Statistical archetype: Wide Creator | Spatial profile: Central Build-Up Zone | Mean position: X=50.2, Y=46.0 | Wide=0.00, Half-space=0.00, Central=1.00 | Spatial spread=2.25"
1014845,Sebastian Berhalter,USA,M,25.2,195.0,7.462051282051282,7400000.0,EUR,0,Wide Creator,Central Build-Up Zone,Creative Central Midfielder,Central Lane,Advanced Middle Third,Positionally Stable,74.61,4,212,52.992,53.0745,2.9798,4.2241,5.1693,0.0,1.0,0.0,0.0,0.0,1.0,0.0,0.0,0.0,0.0,0.1621,0.8692,"Statistical archetype: Wide Creator | Spatial profile: Central Build-Up Zone | Mean position: X=53.0, Y=53.1 | Wide=0.00, Half-space=0.00, Central=1.00 | Spatial spread=5.17"
881117,Teboho Mokoena,South Africa,M,29.5,270.0,7.066666666666666,3100000.0,EUR,0,Wide Creator,Central Build-Up Zone,Creative Central Midfielder,Central Lane,Deeper Half,Positionally Stable,71.91,3,294,45.5395,47.9425,2.7377,6.27,6.8417,0.0,1.0,0.0,0.0,0.2381,0.7619,0.0,0.0,0.0,0.2381,0.1275,0.86,"Statistical archetype: Wide Creator | Spatial profile: Central Build-Up Zone | Mean position: X=45.5, Y=47.9 | Wide=0.00, Half-space=0.24, Central=0.76 | Spatial spread=6.84"
1009386,Hannibal Mejbri,Tunisia,M,23.5,270.0,7.0,15700000.0,EUR,0,Wide Creator,Central Build-Up Zone,Creative Central Midfielder,Central Lane,Advanced Middle Third,Positionally Stable,68.7,3,222,52.9748,59.1302,4.1527,2.266,4.7307,0.0,1.0,0.0,0.0,0.0,0.6081,0.3919,0.0,0.0,0.3919,0.1745,0.8152,"Statistical archetype: Wide Creator | Spatial profile: Central Build-Up Zone | Mean position: X=53.0, Y=59.1 | Wide=0.00, Half-space=0.39, Central=0.61 | Spatial spread=4.73"
883537,Luis Díaz,Colombia,M,29.5,478.0,6.998744769874477,76000000.0,EUR,3,Goal-Threat Midfielder,Left Advanced Half-Space,Left Goal-Threat Number 8,Left Half-Space,Final Third,Positionally Stable,87.96,5,302,67.1944,76.1709,3.3811,2.271,4.073,0.0,0.5927,0.4073,0.0,0.0,0.0,0.7781,0.2219,0.2219,0.7781,0.1971,1.0,"Statistical archetype: Goal-Threat Midfielder | Spatial profile: Left Advanced Half-Space | Mean position: X=67.2, Y=76.2 | Wide=0.22, Half-space=0.78, Central=0.00 | Spatial spread=4.07"
934386,Jérémy Doku,Belgium,M,24.1,311.0,6.749839228295819,70000000.0,EUR,3,Goal-Threat Midfielder,Left Half-Space,Left Goal-Threat Number 8,Left Half-Space,Advanced Middle Third,Free-Roaming,83.03,5,228,61.0618,65.3066,6.0683,10.8879,12.4648,0.0,0.8158,0.1842,0.0,0.0,0.1404,0.8596,0.0,0.0,0.8596,0.0743,0.9648,"Statistical archetype: Goal-Threat Midfielder | Spatial profile: Left Half-Space | Mean position: X=61.1, Y=65.3 | Wide=0.00, Half-space=0.86, Central=0.14 | Spatial spread=12.46"
975798,Malik Tillman,USA,M,24.1,365.0,7.486301369863014,27000000.0,EUR,3,Goal-Threat Midfielder,Left Half-Space,Left Goal-Threat Number 8,Left Half-Space,Advanced Middle Third,Highly Fixed,80.64,4,335,61.446,62.2842,2.2492,3.034,3.7768,0.0,1.0,0.0,0.0,0.0,0.2448,0.7552,0.0,0.0,0.7552,0.2093,0.93,"Statistical archetype: Goal-Threat Midfielder | Spatial profile: Left Half-Space | Mean position: X=61.4, Y=62.3 | Wide=0.00, Half-space=0.76, Central=0.24 | Spatial spread=3.78"
973556,Julio Enciso,Paraguay,M,22.5,387.0,6.937209302325581,24000000.0,EUR,3,Goal-Threat Midfielder,Left Half-Space,Left Goal-Threat Number 8,Left Half-Space,Advanced Middle Third,Mobile,79.83,5,204,55.5034,66.0951,3.3192,10.2872,10.8094,0.0,1.0,0.0,0.0,0.0,0.3235,0.6765,0.0,0.0,0.6765,0.0847,0.9264,"Statistical archetype: Goal-Threat Midfielder | Spatial profile: Left Half-Space | Mean position: X=55.5, Y=66.1 | Wide=0.00, Half-space=0.68, Central=0.32 | Spatial spread=10.81"
1090019,Martin Baturina,Croatia,M,23.4,324.0,7.20246913580247,28000000.0,EUR,3,Goal-Threat Midfielder,Left Half-Space,Left Goal-Threat Number 8,Left Half-Space,Advanced Middle Third,Positionally Stable,73.55,4,206,56.5228,68.8199,1.7617,5.514,5.7886,0.0,1.0,0.0,0.0,0.0,0.0,1.0,0.0,0.0,1.0,0.1473,0.8596,"Statistical archetype: Goal-Threat Midfielder | Spatial profile: Left Half-Space | Mean position: X=56.5, Y=68.8 | Wide=0.00, Half-space=1.00, Central=0.00 | Spatial spread=5.79"
788971,Juninho Bacuna,Curaçao,M,28.9,255.0,6.5588235294117645,1800000.0,EUR,3,Goal-Threat Midfielder,Left Half-Space,Left Goal-Threat Number 8,Left Half-Space,Advanced Middle Third,Mobile,65.18,3,204,52.0569,62.3637,7.1322,4.131,8.2422,0.0,1.0,0.0,0.0,0.0,0.4265,0.5735,0.0,0.0,0.5735,0.1082,0.7864,"Statistical archetype: Goal-Threat Midfielder | Spatial profile: Left Half-Space | Mean position: X=52.1, Y=62.4 | Wide=0.00, Half-space=0.57, Central=0.43 | Spatial spread=8.24"
905267,Elijah Just,New Zealand,M,26.2,265.0,7.843396226415094,2700000.0,EUR,3,Goal-Threat Midfielder,Left Half-Space,Left Goal-Threat Number 8,Left Half-Space,Advanced Middle Third,Positionally Stable,62.57,3,180,54.3267,61.505,2.7966,4.5332,5.3264,0.0,1.0,0.0,0.0,0.0,0.3778,0.6222,0.0,0.0,0.6222,0.1581,0.748,"Statistical archetype: Goal-Threat Midfielder | Spatial profile: Left Half-Space | Mean position: X=54.3, Y=61.5 | Wide=0.00, Half-space=0.62, Central=0.38 | Spatial spread=5.33"
954066,Ruben Providence,Haiti,M,25.0,223.0,6.678923766816144,270000.0,EUR,3,Goal-Threat Midfielder,Left Half-Space,Left Goal-Threat Number 8,Left Half-Space,Advanced Middle Third,Mobile,54.53,3,128,59.6945,77.3922,8.248,1.1038,8.3215,0.0,0.5938,0.4062,0.0,0.0,0.0,1.0,0.0,0.0,1.0,0.1073,0.6648,"Statistical archetype: Goal-Threat Midfielder | Spatial profile: Left Half-Space | Mean position: X=59.7, Y=77.4 | Wide=0.00, Half-space=1.00, Central=0.00 | Spatial spread=8.32"
872919,Rubén Vargas,Switzerland,M,28.0,289.0,7.426989619377163,11100000.0,EUR,3,Goal-Threat Midfielder,Left Advanced Wide Zone,Left Goal-Threat Wide Midfielder,Left Wide,Final Third,Free-Roaming,75.8,5,187,69.0898,81.6123,11.2768,2.7813,11.6148,0.0,0.2888,0.7112,0.0,0.0,0.0,0.4759,0.5241,0.5241,0.4759,0.0793,0.8679,"Statistical archetype: Goal-Threat Midfielder | Spatial profile: Left Advanced Wide Zone | Mean position: X=69.1, Y=81.6 | Wide=0.52, Half-space=0.48, Central=0.00 | Spatial spread=11.61"
862967,Cody Gakpo,Netherlands,M,27.2,371.0,7.52533692722372,58000000.0,EUR,3,Goal-Threat Midfielder,Left Advanced Wide Zone,Left Goal-Threat Wide Midfielder,Left Wide,Final Third,Positionally Stable,72.97,4,202,67.2436,81.6228,4.6219,3.5845,5.849,0.0,0.495,0.505,0.0,0.0,0.0,0.2079,0.7921,0.7921,0.2079,0.146,0.8532,"Statistical archetype: Goal-Threat Midfielder | Spatial profile: Left Advanced Wide Zone | Mean position: X=67.2, Y=81.6 | Wide=0.79, Half-space=0.21, Central=0.00 | Spatial spread=5.85"
1425366,Kerim Alajbegović,Bosnia & Herzegovina,M,18.8,277.0,6.623465703971119,20000000.0,EUR,3,Goal-Threat Midfielder,Left Wide Midfield Zone,Left Goal-Threat Wide Midfielder,Left Wide,Advanced Middle Third,Positionally Stable,71.21,4,184,61.6348,80.7473,3.2623,2.4487,4.0791,0.0,1.0,0.0,0.0,0.0,0.0,0.0707,0.9293,0.9293,0.0707,0.1969,0.8244,"Statistical archetype: Goal-Threat Midfielder | Spatial profile: Left Wide Midfield Zone | Mean position: X=61.6, Y=80.7 | Wide=0.93, Half-space=0.07, Central=0.00 | Spatial spread=4.08"
1116571,Nilson Angulo,Ecuador,M,23.1,218.0,7.094036697247707,16500000.0,EUR,3,Goal-Threat Midfielder,Left Advanced Wide Zone,Left Goal-Threat Wide Midfielder,Left Wide,Final Third,Positionally Stable,67.77,4,165,66.4527,80.6994,4.9689,3.1932,5.9065,0.0,0.5152,0.4848,0.0,0.0,0.0,0.6848,0.3152,0.3152,0.6848,0.1448,0.794,"Statistical archetype: Goal-Threat Midfielder | Spatial profile: Left Advanced Wide Zone | Mean position: X=66.5, Y=80.7 | Wide=0.32, Half-space=0.68, Central=0.00 | Spatial spread=5.91"
288205,Bruno Fernandes,Portugal,M,31.9,423.0,7.557446808510638,32000000.0,EUR,0,Wide Creator,Left Half-Space,Left Half-Space Creator,Left Half-Space,Advanced Middle Third,Positionally Stable,87.59,5,395,59.5995,60.8929,3.4849,3.2804,4.786,0.0,1.0,0.0,0.0,0.0,0.3924,0.6076,0.0,0.0,0.6076,0.1728,1.0,"Statistical archetype: Wide Creator | Spatial profile: Left Half-Space | Mean position: X=59.6, Y=60.9 | Wide=0.00, Half-space=0.61, Central=0.39 | Spatial spread=4.79"
910031,Alex Baena,Spain,M,25.0,487.0,7.036550308008214,43000000.0,EUR,0,Wide Creator,Left Advanced Half-Space,Left Half-Space Creator,Left Half-Space,Final Third,Mobile,86.68,7,397,67.0219,76.7234,6.8565,3.9549,7.9153,0.0,0.4383,0.5617,0.0,0.0,0.0,0.6801,0.3199,0.3199,0.6801,0.1122,1.0,"Statistical archetype: Wide Creator | Spatial profile: Left Advanced Half-Space | Mean position: X=67.0, Y=76.7 | Wide=0.32, Half-space=0.68, Central=0.00 | Spatial spread=7.92"
794338,Daichi Kamada,Japan,M,30.0,331.0,6.821148036253777,10300000.0,EUR,0,Wide Creator,Left Half-Space,Left Half-Space Creator,Left Half-Space,Advanced Middle Third,Positionally Stable,79.42,4,280,53.9796,65.7882,3.8384,5.6366,6.8194,0.0,1.0,0.0,0.0,0.0,0.0,1.0,0.0,0.0,1.0,0.1279,0.93,"Statistical archetype: Wide Creator | Spatial profile: Left Half-Space | Mean position: X=54.0, Y=65.8 | Wide=0.00, Half-space=1.00, Central=0.00 | Spatial spread=6.82"
1019322,Florian Wirtz,Germany,M,23.2,363.0,7.6820936639118464,95000000.0,EUR,0,Wide Creator,Left Advanced Half-Space,Left Half-Space Creator,Left Half-Space,Advanced Middle Third,Mobile,79.22,4,403,63.7194,68.8618,3.1275,7.0734,7.734,0.0,0.6824,0.3176,0.0,0.0,0.2308,0.7692,0.0,0.0,0.7692,0.1145,0.93,"Statistical archetype: Wide Creator | Spatial profile: Left Advanced Half-Space | Mean position: X=63.7, Y=68.9 | Wide=0.00, Half-space=0.77, Central=0.23 | Spatial spread=7.73"
1002524,Pedro Vite,Ecuador,M,24.4,360.0,7.425,5600000.0,EUR,0,Wide Creator,Left Half-Space,Left Half-Space Creator,Left Half-Space,Advanced Middle Third,Mobile,79.22,4,429,50.1343,62.0105,6.2637,4.5082,7.7174,0.0,1.0,0.0,0.0,0.0,0.289,0.711,0.0,0.0,0.711,0.1147,0.93,"Statistical archetype: Wide Creator | Spatial profile: Left Half-Space | Mean position: X=50.1, Y=62.0 | Wide=0.00, Half-space=0.71, Central=0.29 | Spatial spread=7.72"
839981,Lucas Paquetá,Brazil,M,28.9,236.0,7.10042372881356,36000000.0,EUR,0,Wide Creator,Left Half-Space,Left Half-Space Creator,Left Half-Space,Advanced Middle Third,Mobile,79.05,4,295,53.961,68.3027,4.74,7.2487,8.6609,0.0,1.0,0.0,0.0,0.0,0.2576,0.7424,0.0,0.0,0.7424,0.1035,0.93,"Statistical archetype: Wide Creator | Spatial profile: Left Half-Space | Mean position: X=54.0, Y=68.3 | Wide=0.00, Half-space=0.74, Central=0.26 | Spatial spread=8.66"
879694,Pape Gueye,Senegal,M,27.5,236.0,6.961864406779661,39000000.0,EUR,0,Wide Creator,Left Half-Space,Left Half-Space Creator,Left Half-Space,Advanced Middle Third,Mobile,78.78,4,246,51.8955,61.8329,5.1138,4.9844,7.1411,0.0,1.0,0.0,0.0,0.0,0.5732,0.4268,0.0,0.0,0.4268,0.1228,0.9236,"Statistical archetype: Wide Creator | Spatial profile: Left Half-Space | Mean position: X=51.9, Y=61.8 | Wide=0.00, Half-space=0.43, Central=0.57 | Spatial spread=7.14"
217704,Sadio Mané,Senegal,M,34.3,364.0,6.9010989010989015,5600000.0,EUR,0,Wide Creator,Left Advanced Half-Space,Left Half-Space Creator,Left Half-Space,Advanced Middle Third,Free-Roaming,78.71,4,271,62.4391,77.445,11.0276,2.9021,11.4031,0.0,0.4576,0.5424,0.0,0.0,0.0,1.0,0.0,0.0,1.0,0.0806,0.93,"Statistical archetype: Wide Creator | Spatial profile: Left Advanced Half-Space | Mean position: X=62.4, Y=77.4 | Wide=0.00, Half-space=1.00, Central=0.00 | Spatial spread=11.40"
864921,Eberechi Eze,England,M,28.1,209.0,6.963636363636364,69000000.0,EUR,0,Wide Creator,Left Half-Space,Left Half-Space Creator,Left Half-Space,Advanced Middle Third,Mobile,62.01,4,149,54.2409,65.8557,5.2298,5.2788,7.4307,0.0,1.0,0.0,0.0,0.0,0.1074,0.8926,0.0,0.0,0.8926,0.1186,0.7059,"Statistical archetype: Wide Creator | Spatial profile: Left Half-Space | Mean position: X=54.2, Y=65.9 | Wide=0.00, Half-space=0.89, Central=0.11 | Spatial spread=7.43"
901325,Nicolás González,Argentina,M,28.3,253.0,6.804347826086956,23000000.0,EUR,0,Wide Creator,Left Wide Midfield Zone,Left Touchline Creator,Left Wide,Advanced Middle Third,Mobile,78.33,7,226,61.3376,80.5195,7.2971,3.015,7.8954,0.0,0.6637,0.3363,0.0,0.0,0.0,0.5133,0.4867,0.4867,0.5133,0.1124,0.8616,"Statistical archetype: Wide Creator | Spatial profile: Left Wide Midfield Zone | Mean position: X=61.3, Y=80.5 | Wide=0.49, Half-space=0.51, Central=0.00 | Spatial spread=7.90"
1100952,Andreas Schjelderup,Norway,M,22.1,251.0,7.371713147410359,31000000.0,EUR,0,Wide Creator,Left Wide Midfield Zone,Left Touchline Creator,Left Half-Space,Advanced Middle Third,Mobile,77.1,6,200,55.8735,79.932,8.0922,2.2207,8.3914,0.0,1.0,0.0,0.0,0.0,0.0,0.59,0.41,0.41,0.59,0.1065,0.87,"Statistical archetype: Wide Creator | Spatial profile: Left Wide Midfield Zone | Mean position: X=55.9, Y=79.9 | Wide=0.41, Half-space=0.59, Central=0.00 | Spatial spread=8.39"
133908,Marcel Sabitzer,Austria,M,32.3,360.0,6.875,6200000.0,EUR,0,Wide Creator,Left Advanced Wide Zone,Left Touchline Creator,Left Wide,Advanced Middle Third,Positionally Stable,75.31,4,219,62.3443,81.9119,5.7718,1.52,5.9686,0.0,0.6986,0.3014,0.0,0.0,0.0,0.0,1.0,1.0,0.0,0.1435,0.8804,"Statistical archetype: Wide Creator | Spatial profile: Left Advanced Wide Zone | Mean position: X=62.3, Y=81.9 | Wide=1.00, Half-space=0.00, Central=0.00 | Spatial spread=5.97"
905352,Keito Nakamura,Japan,M,26.0,310.0,7.24483870967742,10700000.0,EUR,0,Wide Creator,Left Wide Midfield Zone,Left Touchline Creator,Left Wide,Advanced Middle Third,Highly Fixed,70.98,4,182,57.3868,86.5527,2.9725,2.6697,3.9954,0.0,1.0,0.0,0.0,0.0,0.0,0.0,1.0,1.0,0.0,0.2002,0.8212,"Statistical archetype: Wide Creator | Spatial profile: Left Wide Midfield Zone | Mean position: X=57.4, Y=86.6 | Wide=1.00, Half-space=0.00, Central=0.00 | Spatial spread=4.00"
1142675,Chemsdine Talbi,Morocco,M,21.2,183.0,6.613661202185792,23000000.0,EUR,0,Wide Creator,Left Wide Midfield Zone,Left Touchline Creator,Left Half-Space,Advanced Middle Third,Free-Roaming,52.52,4,100,54.681,79.908,9.9711,9.3639,13.6787,0.16,0.84,0.0,0.0,0.0,0.0,0.17,0.83,0.83,0.17,0.0681,0.59,"Statistical archetype: Wide Creator | Spatial profile: Left Wide Midfield Zone | Mean position: X=54.7, Y=79.9 | Wide=0.83, Half-space=0.17, Central=0.00 | Spatial spread=13.68"
546416,Andrés Cubas,Paraguay,M,30.2,480.0,7.0125,4300000.0,EUR,1,Possession-Secure Midfielder - Defensive Work,Deep Central Zone,Possession-Secure Midfielder - Defensive Work,Central Lane,Deeper Half,Positionally Stable,87.25,5,308,37.025,52.0864,3.6471,4.3189,5.6528,0.0,1.0,0.0,0.0,0.0,1.0,0.0,0.0,0.0,0.0,0.1503,1.0,"Statistical archetype: Possession-Secure Midfielder - Defensive Work | Spatial profile: Deep Central Zone | Mean position: X=37.0, Y=52.1 | Wide=0.00, Half-space=0.00, Central=1.00 | Spatial spread=5.65"
881931,Weston McKennie,USA,M,27.9,444.0,6.937837837837838,31000000.0,EUR,1,Possession-Secure Midfielder - Defensive Work,Right Half-Space,Possession-Secure Midfielder - Defensive Work,Right Half-Space,Advanced Middle Third,Mobile,86.68,5,339,60.11,35.374,5.3959,5.8248,7.94,0.0,0.7965,0.2035,0.0,0.8142,0.1858,0.0,0.0,0.0,0.8142,0.1119,1.0,"Statistical archetype: Possession-Secure Midfielder - Defensive Work | Spatial profile: Right Half-Space | Mean position: X=60.1, Y=35.4 | Wide=0.00, Half-space=0.81, Central=0.19 | Spatial spread=7.94"
973290,Tajon Buchanan,Canada,M,27.4,380.0,6.543421052631579,13000000.0,EUR,1,Possession-Secure Midfielder - Defensive Work,Right Advanced Wide Zone,Possession-Secure Midfielder - Defensive Work,Right Wide,Final Third,Mobile,83.94,5,233,67.3773,19.6446,9.5134,4.145,10.3771,0.0,0.5536,0.4464,0.7854,0.2146,0.0,0.0,0.0,0.7854,0.2146,0.0879,0.9728,"Statistical archetype: Possession-Secure Midfielder - Defensive Work | Spatial profile: Right Advanced Wide Zone | Mean position: X=67.4, Y=19.6 | Wide=0.79, Half-space=0.21, Central=0.00 | Spatial spread=10.38"
870360,Daniel Muñoz,Colombia,M,30.1,399.0,7.1533834586466165,23000000.0,EUR,1,Possession-Secure Midfielder - Defensive Work,Right Wide Midfield Zone,Possession-Secure Midfielder - Defensive Work,Right Wide,Deeper Half,Highly Fixed,81.72,4,322,45.4199,14.2388,2.4467,0.7282,2.5528,0.0,1.0,0.0,1.0,0.0,0.0,0.0,0.0,1.0,0.0,0.2815,0.93,"Statistical archetype: Possession-Secure Midfielder - Defensive Work | Spatial profile: Right Wide Midfield Zone | Mean position: X=45.4, Y=14.2 | Wide=1.00, Half-space=0.00, Central=0.00 | Spatial spread=2.55"
1418782,Mostafa Ziko,Egypt,M,29.2,375.0,6.840799999999999,2000000.0,EUR,1,Possession-Secure Midfielder - Defensive Work,Central Half-Space,Possession-Secure Midfielder - Defensive Work,Central Lane,Advanced Middle Third,Free-Roaming,80.12,5,213,54.0268,40.3948,5.3695,14.1929,15.1746,0.0,1.0,0.0,0.0,0.493,0.507,0.0,0.0,0.0,0.493,0.0618,0.9283,"Statistical archetype: Possession-Secure Midfielder - Defensive Work | Spatial profile: Central Half-Space | Mean position: X=54.0, Y=40.4 | Wide=0.00, Half-space=0.49, Central=0.51 | Spatial spread=15.17"
759520,Denzel Dumfries,Netherlands,M,30.3,390.0,6.946153846153846,26000000.0,EUR,1,Possession-Secure Midfielder - Defensive Work,Right Wide Midfield Zone,Possession-Secure Midfielder - Defensive Work,Right Wide,Advanced Middle Third,Positionally Stable,79.58,4,295,60.502,15.1163,6.1063,1.1778,6.2188,0.0,0.6576,0.3424,1.0,0.0,0.0,0.0,0.0,1.0,0.0,0.1385,0.93,"Statistical archetype: Possession-Secure Midfielder - Defensive Work | Spatial profile: Right Wide Midfield Zone | Mean position: X=60.5, Y=15.1 | Wide=1.00, Half-space=0.00, Central=0.00 | Spatial spread=6.22"
906838,Kevin Pina,Cabo Verde,M,29.5,351.0,7.018803418803419,4900000.0,EUR,1,Possession-Secure Midfielder - Defensive Work,Deep Central Zone,Possession-Secure Midfielder - Defensive Work,Central Lane,Deeper Half,Positionally Stable,79.48,4,286,37.9965,49.0626,5.8506,3.0278,6.5876,0.1678,0.8322,0.0,0.0,0.0,1.0,0.0,0.0,0.0,0.0,0.1318,0.93,"Statistical archetype: Possession-Secure Midfielder - Defensive Work | Spatial profile: Deep Central Zone | Mean position: X=38.0, Y=49.1 | Wide=0.00, Half-space=0.00, Central=1.00 | Spatial spread=6.59"
847938,Aiden O'Neill,Australia,M,28.0,360.0,6.95,2900000.0,EUR,1,Possession-Secure Midfielder - Defensive Work,Central Build-Up Zone,Possession-Secure Midfielder - Defensive Work,Central Lane,Advanced Middle Third,Mobile,79.33,4,275,50.9524,52.132,4.44,5.6569,7.1912,0.0,1.0,0.0,0.0,0.0,1.0,0.0,0.0,0.0,0.0,0.1221,0.93,"Statistical archetype: Possession-Secure Midfielder - Defensive Work | Spatial profile: Central Build-Up Zone | Mean position: X=51.0, Y=52.1 | Wide=0.00, Half-space=0.00, Central=1.00 | Spatial spread=7.19"
770677,Denis Zakaria,Switzerland,M,29.7,360.0,6.683333333333334,26000000.0,EUR,1,Possession-Secure Midfielder - Defensive Work,Right Wide Midfield Zone,Possession-Secure Midfielder - Defensive Work,Right Wide,Advanced Middle Third,Mobile,79.02,4,300,52.816,13.974,8.5574,2.4332,8.8966,0.0,1.0,0.0,1.0,0.0,0.0,0.0,0.0,1.0,0.0,0.101,0.93,"Statistical archetype: Possession-Secure Midfielder - Defensive Work | Spatial profile: Right Wide Midfield Zone | Mean position: X=52.8, Y=14.0 | Wide=1.00, Half-space=0.00, Central=0.00 | Spatial spread=8.90"
1105836,Matías Galarza,Paraguay,M,24.4,388.0,7.097680412371134,2800000.0,EUR,1,Possession-Secure Midfielder - Defensive Work,Left Deep Half-Space,Possession-Secure Midfielder - Defensive Work,Left Half-Space,Deeper Half,Mobile,79.0,4,292,39.3973,72.5723,4.4054,7.8109,8.9676,0.0,1.0,0.0,0.0,0.0,0.2055,0.4863,0.3082,0.3082,0.4863,0.1003,0.93,"Statistical archetype: Possession-Secure Midfielder - Defensive Work | Spatial profile: Left Deep Half-Space | Mean position: X=39.4, Y=72.6 | Wide=0.31, Half-space=0.49, Central=0.21 | Spatial spread=8.97"
1103488,Rafik Belghali,Algeria,M,24.1,333.0,6.580780780780779,7200000.0,EUR,1,Possession-Secure Midfielder - Defensive Work,Right Wide Midfield Zone,Possession-Secure Midfielder - Defensive Work,Right Wide,Advanced Middle Third,Mobile,78.89,4,269,50.8911,14.513,9.6571,1.5686,9.7836,0.0,1.0,0.0,1.0,0.0,0.0,0.0,0.0,1.0,0.0,0.0927,0.93,"Statistical archetype: Possession-Secure Midfielder - Defensive Work | Spatial profile: Right Wide Midfield Zone | Mean position: X=50.9, Y=14.5 | Wide=1.00, Half-space=0.00, Central=0.00 | Spatial spread=9.78"
1065588,Diego Gómez,Paraguay,M,23.3,307.0,6.329641693811075,27000000.0,EUR,1,Possession-Secure Midfielder - Defensive Work,Central Roaming Zone,Possession-Secure Midfielder - Defensive Work,Central Lane,Deeper Half,Free-Roaming,78.31,4,247,46.7421,43.9227,3.9967,10.4066,11.1477,0.0,1.0,0.0,0.0,0.4372,0.5628,0.0,0.0,0.0,0.4372,0.0823,0.9252,"Statistical archetype: Possession-Secure Midfielder - Defensive Work | Spatial profile: Central Roaming Zone | Mean position: X=46.7, Y=43.9 | Wide=0.00, Half-space=0.44, Central=0.56 | Spatial spread=11.15"
929620,Fabian Rieder,Switzerland,M,24.4,304.0,6.5513157894736835,11100000.0,EUR,1,Possession-Secure Midfielder - Defensive Work,Advanced Roaming Zone,Possession-Secure Midfielder - Defensive Work,Central Lane,Advanced Middle Third,Free-Roaming,76.64,5,182,64.4082,55.9126,4.2261,11.1528,11.9266,0.0,0.8352,0.1648,0.0,0.0659,0.6648,0.2692,0.0,0.0,0.3352,0.0774,0.8912,"Statistical archetype: Possession-Secure Midfielder - Defensive Work | Spatial profile: Advanced Roaming Zone | Mean position: X=64.4, Y=55.9 | Wide=0.00, Half-space=0.34, Central=0.66 | Spatial spread=11.93"
1036269,Yasin Ayari,Sweden,M,22.8,341.0,7.219941348973607,32000000.0,EUR,1,Possession-Secure Midfielder - Defensive Work,Central Half-Space,Possession-Secure Midfielder - Defensive Work,Central Lane,Advanced Middle Third,Mobile,75.77,4,226,54.9504,59.9274,3.5319,7.4057,8.2048,0.0,1.0,0.0,0.0,0.0,0.4381,0.5619,0.0,0.0,0.5619,0.1086,0.8916,"Statistical archetype: Possession-Secure Midfielder - Defensive Work | Spatial profile: Central Half-Space | Mean position: X=55.0, Y=59.9 | Wide=0.00, Half-space=0.56, Central=0.44 | Spatial spread=8.20"
892624,Samuel Moutoussamy,DR Congo,M,29.9,333.0,6.7633633633633625,1600000.0,EUR,1,Possession-Secure Midfielder - Defensive Work,Central Build-Up Zone,Possession-Secure Midfielder - Defensive Work,Central Lane,Deeper Half,Positionally Stable,75.64,4,221,46.6457,50.0959,4.6667,3.4724,5.8169,0.0,1.0,0.0,0.0,0.0,1.0,0.0,0.0,0.0,0.0,0.1467,0.8836,"Statistical archetype: Possession-Secure Midfielder - Defensive Work | Spatial profile: Central Build-Up Zone | Mean position: X=46.6, Y=50.1 | Wide=0.00, Half-space=0.00, Central=1.00 | Spatial spread=5.82"
904897,Ryan Gravenberch,Netherlands,M,24.2,347.0,6.764553314121038,87000000.0,EUR,1,Possession-Secure Midfielder - Defensive Work,Right Half-Space,Possession-Secure Midfielder - Defensive Work,Right Half-Space,Advanced Middle Third,Positionally Stable,74.92,4,212,53.6467,36.1236,2.9213,3.3794,4.4671,0.0,1.0,0.0,0.0,0.8113,0.1887,0.0,0.0,0.0,0.8113,0.1829,0.8692,"Statistical archetype: Possession-Secure Midfielder - Defensive Work | Spatial profile: Right Half-Space | Mean position: X=53.6, Y=36.1 | Wide=0.00, Half-space=0.81, Central=0.19 | Spatial spread=4.47"
333373,Miguel Almirón,Paraguay,M,32.4,288.0,6.513541666666667,6800000.0,EUR,1,Possession-Secure Midfielder - Defensive Work,Right Deep Half-Space,Possession-Secure Midfielder - Defensive Work,Right Half-Space,Deeper Half,Mobile,69.98,4,187,42.2615,39.2235,2.689,10.2197,10.5676,0.0,1.0,0.0,0.0,0.6203,0.3797,0.0,0.0,0.0,0.6203,0.0864,0.8292,"Statistical archetype: Possession-Secure Midfielder - Defensive Work | Spatial profile: Right Deep Half-Space | Mean position: X=42.3, Y=39.2 | Wide=0.00, Half-space=0.62, Central=0.38 | Spatial spread=10.57"
52797,Ryan Mendes,Cabo Verde,M,36.5,331.0,6.745921450151058,220000.0,EUR,1,Possession-Secure Midfielder - Defensive Work,Right Half-Space,Possession-Secure Midfielder - Defensive Work,Right Half-Space,Deeper Half,Mobile,69.87,4,186,48.4419,25.8167,9.9684,2.4845,10.2733,0.0,1.0,0.0,0.0,1.0,0.0,0.0,0.0,0.0,1.0,0.0887,0.8276,"Statistical archetype: Possession-Secure Midfielder - Defensive Work | Spatial profile: Right Half-Space | Mean position: X=48.4, Y=25.8 | Wide=0.00, Half-space=1.00, Central=0.00 | Spatial spread=10.27"
815080,Jamiro Monteiro,Cabo Verde,M,32.6,283.0,6.465017667844523,590000.0,EUR,1,Possession-Secure Midfielder - Defensive Work,Central Half-Space,Possession-Secure Midfielder - Defensive Work,Central Lane,Deeper Half,Free-Roaming,69.52,4,185,48.0935,59.4027,10.5199,6.628,12.4337,0.2216,0.7784,0.0,0.0,0.0,0.3027,0.6973,0.0,0.0,0.6973,0.0744,0.826,"Statistical archetype: Possession-Secure Midfielder - Defensive Work | Spatial profile: Central Half-Space | Mean position: X=48.1, Y=59.4 | Wide=0.00, Half-space=0.70, Central=0.30 | Spatial spread=12.43"
790965,Ritsu Doan,Japan,M,28.1,282.0,6.573404255319149,15600000.0,EUR,1,Possession-Secure Midfielder - Defensive Work,Right Wide Midfield Zone,Possession-Secure Midfielder - Defensive Work,Right Wide,Advanced Middle Third,Free-Roaming,68.7,4,179,54.9754,17.5017,3.4324,11.6261,12.1222,0.0,1.0,0.0,0.7095,0.2905,0.0,0.0,0.0,0.7095,0.2905,0.0762,0.8164,"Statistical archetype: Possession-Secure Midfielder - Defensive Work | Spatial profile: Right Wide Midfield Zone | Mean position: X=55.0, Y=17.5 | Wide=0.71, Half-space=0.29, Central=0.00 | Spatial spread=12.12"
830127,Romano Schmid,Austria,M,26.5,266.0,6.869172932330827,16500000.0,EUR,1,Possession-Secure Midfielder - Defensive Work,Right Half-Space,Possession-Secure Midfielder - Defensive Work,Right Half-Space,Advanced Middle Third,Mobile,68.41,4,176,54.525,32.0801,8.729,6.3954,10.8211,0.0,1.0,0.0,0.0,0.7727,0.2273,0.0,0.0,0.0,0.7727,0.0846,0.8116,"Statistical archetype: Possession-Secure Midfielder - Defensive Work | Spatial profile: Right Half-Space | Mean position: X=54.5, Y=32.1 | Wide=0.00, Half-space=0.77, Central=0.23 | Spatial spread=10.82"
984505,Oswin Appollis,South Africa,M,24.9,255.0,6.672941176470588,2700000.0,EUR,1,Possession-Secure Midfielder - Defensive Work,Left Half-Space,Possession-Secure Midfielder - Defensive Work,Left Half-Space,Advanced Middle Third,Mobile,68.01,4,172,56.9738,69.0291,8.4118,4.4757,9.5284,0.0,0.6453,0.3547,0.0,0.0,0.0,1.0,0.0,0.0,1.0,0.095,0.8052,"Statistical archetype: Possession-Secure Midfielder - Defensive Work | Spatial profile: Left Half-Space | Mean position: X=57.0, Y=69.0 | Wide=0.00, Half-space=1.00, Central=0.00 | Spatial spread=9.53"
1102659,Benjamin Tahirović,Bosnia & Herzegovina,M,23.4,237.0,6.486075949367088,4400000.0,EUR,1,Possession-Secure Midfielder - Defensive Work,Central Build-Up Zone,Possession-Secure Midfielder - Defensive Work,Central Lane,Deeper Half,Mobile,67.93,4,170,46.7841,56.5312,1.7992,8.0133,8.2128,0.0,1.0,0.0,0.0,0.0,0.7765,0.2235,0.0,0.0,0.2235,0.1085,0.802,"Statistical archetype: Possession-Secure Midfielder - Defensive Work | Spatial profile: Central Build-Up Zone | Mean position: X=46.8, Y=56.5 | Wide=0.00, Half-space=0.22, Central=0.78 | Spatial spread=8.21"
1014410,Thalente Mbatha,South Africa,M,26.4,259.0,6.621621621621622,2100000.0,EUR,1,Possession-Secure Midfielder - Defensive Work,Central Build-Up Zone,Possession-Secure Midfielder - Defensive Work,Central Lane,Deeper Half,Positionally Stable,67.42,4,162,46.6852,44.0327,1.2231,5.568,5.7007,0.0,1.0,0.0,0.0,0.4444,0.5556,0.0,0.0,0.0,0.4444,0.1492,0.7892,"Statistical archetype: Possession-Secure Midfielder - Defensive Work | Spatial profile: Central Build-Up Zone | Mean position: X=46.7, Y=44.0 | Wide=0.00, Half-space=0.44, Central=0.56 | Spatial spread=5.70"
888854,Connor Metcalfe,Australia,M,26.7,315.0,6.828571428571428,1400000.0,EUR,1,Possession-Secure Midfielder - Defensive Work,Central Half-Space,Possession-Secure Midfielder - Defensive Work,Central Lane,Advanced Middle Third,Free-Roaming,66.78,4,169,55.3527,51.0698,5.8998,22.3447,23.1104,0.0,1.0,0.0,0.0,0.4615,0.0,0.5385,0.0,0.0,1.0,0.0415,0.8004,"Statistical archetype: Possession-Secure Midfielder - Defensive Work | Spatial profile: Central Half-Space | Mean position: X=55.4, Y=51.1 | Wide=0.00, Half-space=1.00, Central=0.00 | Spatial spread=23.11"
985131,Carlos Harvey,Panama,M,26.5,268.0,6.363432835820896,630000.0,EUR,1,Possession-Secure Midfielder - Defensive Work,Central Build-Up Zone,Possession-Secure Midfielder - Defensive Work,Central Lane,Deeper Half,Positionally Stable,66.41,3,206,46.9752,41.8155,3.5633,3.2634,4.8319,0.0,1.0,0.0,0.0,0.3301,0.6699,0.0,0.0,0.0,0.3301,0.1715,0.7896,"Statistical archetype: Possession-Secure Midfielder - Defensive Work | Spatial profile: Central Build-Up Zone | Mean position: X=47.0, Y=41.8 | Wide=0.00, Half-space=0.33, Central=0.67 | Spatial spread=4.83"
934354,Antoine Semenyo,Ghana,M,26.5,360.0,6.35,85000000.0,EUR,1,Possession-Secure Midfielder - Defensive Work,Left Advanced Half-Space,Possession-Secure Midfielder - Defensive Work,Left Half-Space,Advanced Middle Third,Free-Roaming,66.26,4,164,62.3616,63.8067,2.2033,17.6056,17.7429,0.0,1.0,0.0,0.0,0.2378,0.0,0.4756,0.2866,0.2866,0.7134,0.0534,0.7924,"Statistical archetype: Possession-Secure Midfielder - Defensive Work | Spatial profile: Left Advanced Half-Space | Mean position: X=62.4, Y=63.8 | Wide=0.29, Half-space=0.71, Central=0.00 | Spatial spread=17.74"
822749,Joe Bell,New Zealand,M,27.2,244.0,6.6213114754098354,3600000.0,EUR,1,Possession-Secure Midfielder - Defensive Work,Deep Central Zone,Possession-Secure Midfielder - Defensive Work,Central Lane,Deeper Half,Positionally Stable,66.01,3,207,42.4493,45.37,2.9411,5.6654,6.3833,0.0,1.0,0.0,0.0,0.3478,0.6522,0.0,0.0,0.0,0.3478,0.1354,0.7912,"Statistical archetype: Possession-Secure Midfielder - Defensive Work | Spatial profile: Deep Central Zone | Mean position: X=42.4, Y=45.4 | Wide=0.00, Half-space=0.35, Central=0.65 | Spatial spread=6.38"
966849,Saud Abdulhamid,Saudi Arabia,M,27.0,269.0,6.533828996282527,8400000.0,EUR,1,Possession-Secure Midfielder - Defensive Work,Right Wide Midfield Zone,Possession-Secure Midfielder - Defensive Work,Right Wide,Deeper Half,Positionally Stable,65.88,3,201,42.4005,16.4761,3.817,2.3472,4.481,0.0,1.0,0.0,0.7463,0.2537,0.0,0.0,0.0,0.7463,0.2537,0.1824,0.7816,"Statistical archetype: Possession-Secure Midfielder - Defensive Work | Spatial profile: Right Wide Midfield Zone | Mean position: X=42.4, Y=16.5 | Wide=0.75, Half-space=0.25, Central=0.00 | Spatial spread=4.48"
934409,Marcus Pedersen,Norway,M,26.0,236.0,6.5423728813559325,3300000.0,EUR,1,Possession-Secure Midfielder - Defensive Work,Right Wide Midfield Zone,Possession-Secure Midfielder - Defensive Work,Right Half-Space,Deeper Half,Free-Roaming,65.79,4,163,45.4184,30.8528,5.1198,30.4912,30.9181,0.0,1.0,0.0,0.7117,0.0,0.1227,0.0,0.1656,0.8773,0.0,0.0313,0.7908,"Statistical archetype: Possession-Secure Midfielder - Defensive Work | Spatial profile: Right Wide Midfield Zone | Mean position: X=45.4, Y=30.9 | Wide=0.88, Half-space=0.00, Central=0.12 | Spatial spread=30.92"
74545,Leandro Bacuna,Curaçao,M,34.9,270.0,6.633333333333334,270000.0,EUR,1,Possession-Secure Midfielder - Defensive Work,Deep Central Zone,Possession-Secure Midfielder - Defensive Work,Central Lane,Deeper Half,Free-Roaming,65.64,3,210,43.4224,46.9371,6.7375,8.8293,11.1063,0.0,1.0,0.0,0.0,0.4476,0.5524,0.0,0.0,0.0,0.4476,0.0826,0.796,"Statistical archetype: Possession-Secure Midfielder - Defensive Work | Spatial profile: Deep Central Zone | Mean position: X=43.4, Y=46.9 | Wide=0.00, Half-space=0.45, Central=0.55 | Spatial spread=11.11"
881307,Seung Ho Paik,South Korea,M,29.3,206.0,6.691747572815534,1900000.0,EUR,1,Possession-Secure Midfielder - Defensive Work,Central Build-Up Zone,Possession-Secure Midfielder - Defensive Work,Central Lane,Deeper Half,Highly Fixed,65.4,3,191,48.189,54.7597,2.5629,1.7467,3.1015,0.0,1.0,0.0,0.0,0.0,1.0,0.0,0.0,0.0,0.0,0.2438,0.7656,"Statistical archetype: Possession-Secure Midfielder - Defensive Work | Spatial profile: Central Build-Up Zone | Mean position: X=48.2, Y=54.8 | Wide=0.00, Half-space=0.00, Central=1.00 | Spatial spread=3.10"
1464637,Ali Ahmed,Canada,M,25.8,236.0,6.983474576271186,5400000.0,EUR,1,Possession-Secure Midfielder - Defensive Work,Left Advanced Wide Zone,Possession-Secure Midfielder - Defensive Work,Left Half-Space,Final Third,Free-Roaming,65.13,4,160,65.1838,66.19,10.0334,24.5437,26.5153,0.0,0.675,0.325,0.2,0.0,0.0,0.325,0.475,0.675,0.325,0.0363,0.7798,"Statistical archetype: Possession-Secure Midfielder - Defensive Work | Spatial profile: Left Advanced Wide Zone | Mean position: X=65.2, Y=66.2 | Wide=0.68, Half-space=0.33, Central=0.00 | Spatial spread=26.52"
1986794,Caleb Yirenkyi,Ghana,M,20.5,272.0,6.757352941176471,10400000.0,EUR,1,Possession-Secure Midfielder - Defensive Work,Right Deep Half-Space,Possession-Secure Midfielder - Defensive Work,Right Half-Space,Deeper Half,Positionally Stable,64.71,4,148,47.0257,38.0966,3.9416,3.976,5.5987,0.0,1.0,0.0,0.0,0.9122,0.0878,0.0,0.0,0.0,0.9122,0.1515,0.7512,"Statistical archetype: Possession-Secure Midfielder - Defensive Work | Spatial profile: Right Deep Half-Space | Mean position: X=47.0, Y=38.1 | Wide=0.00, Half-space=0.91, Central=0.09 | Spatial spread=5.60"
1114775,Mohannad Abu Taha,Jordan,M,23.5,265.0,6.624528301886793,535000.0,EUR,1,Possession-Secure Midfielder - Defensive Work,Left Wide Midfield Zone,Possession-Secure Midfielder - Defensive Work,Left Wide,Deeper Half,Mobile,64.15,3,196,41.2776,81.7148,7.0481,3.3143,7.7884,0.0,1.0,0.0,0.0,0.0,0.0,0.398,0.602,0.602,0.398,0.1138,0.7736,"Statistical archetype: Possession-Secure Midfielder - Defensive Work | Spatial profile: Left Wide Midfield Zone | Mean position: X=41.3, Y=81.7 | Wide=0.60, Half-space=0.40, Central=0.00 | Spatial spread=7.79"
1146018,Paul Wanner,Austria,M,20.6,234.0,6.3106837606837605,23000000.0,EUR,1,Possession-Secure Midfielder - Defensive Work,Central Roaming Zone,Possession-Secure Midfielder - Defensive Work,Central Lane,Advanced Middle Third,Free-Roaming,64.14,4,150,54.6487,45.5627,12.1506,2.7493,12.4578,0.0,0.7,0.3,0.0,0.0,1.0,0.0,0.0,0.0,0.0,0.0743,0.7606,"Statistical archetype: Possession-Secure Midfielder - Defensive Work | Spatial profile: Central Roaming Zone | Mean position: X=54.6, Y=45.6 | Wide=0.00, Half-space=0.00, Central=1.00 | Spatial spread=12.46"
283833,Ivan Šunjić,Bosnia & Herzegovina,M,29.8,198.0,6.465151515151515,1800000.0,EUR,1,Possession-Secure Midfielder - Defensive Work,Deep Central Zone,Possession-Secure Midfielder - Defensive Work,Central Lane,Deeper Half,Mobile,64.04,4,149,44.447,51.698,7.3278,3.8039,8.2562,0.0,1.0,0.0,0.0,0.0,1.0,0.0,0.0,0.0,0.0,0.108,0.7496,"Statistical archetype: Possession-Secure Midfielder - Defensive Work | Spatial profile: Deep Central Zone | Mean position: X=44.4, Y=51.7 | Wide=0.00, Half-space=0.00, Central=1.00 | Spatial spread=8.26"
181581,Jackson Irvine,Australia,M,33.4,229.0,7.5008733624454145,1100000.0,EUR,1,Possession-Secure Midfielder - Defensive Work,Right Half-Space,Possession-Secure Midfielder - Defensive Work,Right Half-Space,Deeper Half,Positionally Stable,63.54,3,190,49.7721,38.7268,5.7642,3.4799,6.7332,0.0,0.9263,0.0737,0.0,0.4421,0.5579,0.0,0.0,0.0,0.4421,0.1293,0.764,"Statistical archetype: Possession-Secure Midfielder - Defensive Work | Spatial profile: Right Half-Space | Mean position: X=49.8, Y=38.7 | Wide=0.00, Half-space=0.44, Central=0.56 | Spatial spread=6.73"
915325,Amir Al-Ammari,Iraq,M,29.0,248.0,6.563709677419355,935000.0,EUR,1,Possession-Secure Midfielder - Defensive Work,Left Deep Half-Space,Possession-Secure Midfielder - Defensive Work,Left Half-Space,Deeper Half,Positionally Stable,63.5,3,184,41.7815,61.888,4.2268,1.443,4.4664,0.0,1.0,0.0,0.0,0.0,0.0,1.0,0.0,0.0,1.0,0.1829,0.7544,"Statistical archetype: Possession-Secure Midfielder - Defensive Work | Spatial profile: Left Deep Half-Space | Mean position: X=41.8, Y=61.9 | Wide=0.00, Half-space=1.00, Central=0.00 | Spatial spread=4.47"
1014324,Nizar Al-Rashdan,Jordan,M,27.3,256.0,6.58671875,620000.0,EUR,1,Possession-Secure Midfielder - Defensive Work,Central Build-Up Zone,Possession-Secure Midfielder - Defensive Work,Central Lane,Deeper Half,Positionally Stable,63.41,3,182,45.3104,45.8725,1.3269,3.8925,4.1124,0.0,1.0,0.0,0.0,0.0,1.0,0.0,0.0,0.0,0.0,0.1956,0.7512,"Statistical archetype: Possession-Secure Midfielder - Defensive Work | Spatial profile: Central Build-Up Zone | Mean position: X=45.3, Y=45.9 | Wide=0.00, Half-space=0.00, Central=1.00 | Spatial spread=4.11"
828524,Mohamed Kanno,Saudi Arabia,M,31.8,225.0,7.02,825000.0,EUR,1,Possession-Secure Midfielder - Defensive Work,Central Half-Space,Possession-Secure Midfielder - Defensive Work,Central Lane,Deeper Half,Free-Roaming,62.46,3,188,49.3473,44.3633,5.0184,11.0332,12.1209,0.0,1.0,0.0,0.0,0.516,0.484,0.0,0.0,0.0,0.516,0.0762,0.7608,"Statistical archetype: Possession-Secure Midfielder - Defensive Work | Spatial profile: Central Half-Space | Mean position: X=49.3, Y=44.4 | Wide=0.00, Half-space=0.52, Central=0.48 | Spatial spread=12.12"
799054,Djibril Sow,Switzerland,M,29.4,254.0,6.546062992125984,7100000.0,EUR,1,Possession-Secure Midfielder - Defensive Work,Right Half-Space,Possession-Secure Midfielder - Defensive Work,Right Half-Space,Advanced Middle Third,Mobile,62.1,4,139,53.1604,28.5468,6.1226,7.6806,9.8223,0.0,1.0,0.0,0.0,0.9065,0.0935,0.0,0.0,0.0,0.9065,0.0924,0.7274,"Statistical archetype: Possession-Secure Midfielder - Defensive Work | Spatial profile: Right Half-Space | Mean position: X=53.2, Y=28.5 | Wide=0.00, Half-space=0.91, Central=0.09 | Spatial spread=9.82"
872607,Nasser Al-Dawsari,Saudi Arabia,M,27.6,206.0,6.700970873786408,875000.0,EUR,1,Possession-Secure Midfielder - Defensive Work,Central Deep Half-Space,Possession-Secure Midfielder - Defensive Work,Central Lane,Deeper Half,Mobile,61.64,3,177,45.6006,59.1819,3.1787,6.2911,7.0485,0.0,1.0,0.0,0.0,0.0,0.3672,0.6328,0.0,0.0,0.6328,0.1242,0.7432,"Statistical archetype: Possession-Secure Midfielder - Defensive Work | Spatial profile: Central Deep Half-Space | Mean position: X=45.6, Y=59.2 | Wide=0.00, Half-space=0.63, Central=0.37 | Spatial spread=7.05"
905264,Liberato Cacace,New Zealand,M,25.8,223.0,6.517040358744395,2300000.0,EUR,1,Possession-Secure Midfielder - Defensive Work,Left Wide Midfield Zone,Possession-Secure Midfielder - Defensive Work,Left Wide,Deeper Half,Positionally Stable,60.2,3,160,48.4938,82.4913,3.7413,2.2488,4.3651,0.0,1.0,0.0,0.0,0.0,0.0,0.2812,0.7188,0.7188,0.2812,0.1864,0.716,"Statistical archetype: Possession-Secure Midfielder - Defensive Work | Spatial profile: Left Wide Midfield Zone | Mean position: X=48.5, Y=82.5 | Wide=0.72, Half-space=0.28, Central=0.00 | Spatial spread=4.37"
1391541,Ngal'ayel Mukau,DR Congo,M,21.7,196.0,6.532142857142857,14200000.0,EUR,1,Possession-Secure Midfielder - Defensive Work,Right Deep Half-Space,Possession-Secure Midfielder - Defensive Work,Right Half-Space,Deeper Half,Mobile,59.47,4,127,43.4449,30.2614,5.6157,8.0695,9.8312,0.0,1.0,0.0,0.0,0.8268,0.1732,0.0,0.0,0.0,0.8268,0.0923,0.6894,"Statistical archetype: Possession-Secure Midfielder - Defensive Work | Spatial profile: Right Deep Half-Space | Mean position: X=43.4, Y=30.3 | Wide=0.00, Half-space=0.83, Central=0.17 | Spatial spread=9.83"
980916,Alexander Bernhardsson,Sweden,M,27.9,219.0,6.43744292237443,3200000.0,EUR,1,Possession-Secure Midfielder - Defensive Work,Right Wide Midfield Zone,Possession-Secure Midfielder - Defensive Work,Right Wide,Advanced Middle Third,Highly Fixed,59.31,3,148,50.9358,17.1426,2.844,1.4142,3.1762,0.0,1.0,0.0,1.0,0.0,0.0,0.0,0.0,1.0,0.0,0.2395,0.6968,"Statistical archetype: Possession-Secure Midfielder - Defensive Work | Spatial profile: Right Wide Midfield Zone | Mean position: X=50.9, Y=17.1 | Wide=1.00, Half-space=0.00, Central=0.00 | Spatial spread=3.18"
879346,Scott McTominay,Scotland,M,29.6,270.0,6.466666666666667,38000000.0,EUR,1,Possession-Secure Midfielder - Defensive Work,Central Roaming Zone,Possession-Secure Midfielder - Defensive Work,Central Lane,Advanced Middle Third,Free-Roaming,59.04,3,163,51.0521,45.1209,3.1451,10.8168,11.2648,0.0,1.0,0.0,0.0,0.319,0.681,0.0,0.0,0.0,0.319,0.0815,0.7208,"Statistical archetype: Possession-Secure Midfielder - Defensive Work | Spatial profile: Central Roaming Zone | Mean position: X=51.1, Y=45.1 | Wide=0.00, Half-space=0.32, Central=0.68 | Spatial spread=11.26"
1099352,Giuliano Simeone,Argentina,M,23.6,193.0,6.1518134715025905,44000000.0,EUR,1,Possession-Secure Midfielder - Defensive Work,Right Wide Midfield Zone,Possession-Secure Midfielder - Defensive Work,Right Wide,Advanced Middle Third,Mobile,59.04,3,162,59.4321,18.6049,3.7148,9.3499,10.0608,0.0,1.0,0.0,0.7654,0.2346,0.0,0.0,0.0,0.7654,0.2346,0.0904,0.7192,"Statistical archetype: Possession-Secure Midfielder - Defensive Work | Spatial profile: Right Wide Midfield Zone | Mean position: X=59.4, Y=18.6 | Wide=0.77, Half-space=0.23, Central=0.00 | Spatial spread=10.06"
160893,Salem Al-Dawsari,Saudi Arabia,M,34.9,246.0,6.409756097560975,1200000.0,EUR,1,Possession-Secure Midfielder - Defensive Work,Left Half-Space,Possession-Secure Midfielder - Defensive Work,Left Half-Space,Advanced Middle Third,Positionally Stable,58.78,3,155,55.3097,75.6742,2.9877,5.455,6.2195,0.0,1.0,0.0,0.0,0.0,0.0,0.6839,0.3161,0.3161,0.6839,0.1385,0.708,"Statistical archetype: Possession-Secure Midfielder - Defensive Work | Spatial profile: Left Half-Space | Mean position: X=55.3, Y=75.7 | Wide=0.32, Half-space=0.68, Central=0.00 | Spatial spread=6.22"
846413,Agustín Canobbio,Uruguay,M,27.8,225.0,6.9,8199999.0,EUR,1,Possession-Secure Midfielder - Defensive Work,Right Advanced Wide Zone,Possession-Secure Midfielder - Defensive Work,Right Wide,Advanced Middle Third,Positionally Stable,58.73,3,152,63.3618,15.1671,4.8966,1.4754,5.114,0.0,0.7171,0.2829,1.0,0.0,0.0,0.0,0.0,1.0,0.0,0.1636,0.7032,"Statistical archetype: Possession-Secure Midfielder - Defensive Work | Spatial profile: Right Advanced Wide Zone | Mean position: X=63.4, Y=15.2 | Wide=1.00, Half-space=0.00, Central=0.00 | Spatial spread=5.11"
841006,Cristian Martínez,Panama,M,29.4,243.0,6.625925925925926,825000.0,EUR,1,Possession-Secure Midfielder - Defensive Work,Right Half-Space,Possession-Secure Midfielder - Defensive Work,Right Half-Space,Advanced Middle Third,Mobile,57.26,3,149,59.9732,29.5919,4.5901,8.566,9.7183,0.0,1.0,0.0,0.2617,0.4027,0.3356,0.0,0.0,0.2617,0.4027,0.0933,0.6984,"Statistical archetype: Possession-Secure Midfielder - Defensive Work | Spatial profile: Right Half-Space | Mean position: X=60.0, Y=29.6 | Wide=0.26, Half-space=0.40, Central=0.34 | Spatial spread=9.72"
812997,Ehsan Haddad,Jordan,M,32.4,261.0,6.448275862068965,290000.0,EUR,1,Possession-Secure Midfielder - Defensive Work,Right Wide Midfield Zone,Possession-Secure Midfielder - Defensive Work,Right Wide,Deeper Half,Positionally Stable,57.1,3,141,46.0865,15.356,5.1088,1.6026,5.3543,0.0,1.0,0.0,1.0,0.0,0.0,0.0,0.0,1.0,0.0,0.1574,0.6856,"Statistical archetype: Possession-Secure Midfielder - Defensive Work | Spatial profile: Right Wide Midfield Zone | Mean position: X=46.1, Y=15.4 | Wide=1.00, Half-space=0.00, Central=0.00 | Spatial spread=5.35"
1129610,Amar Memić,Bosnia & Herzegovina,M,25.5,224.0,6.253125,4400000.0,EUR,1,Possession-Secure Midfielder - Defensive Work,Central Deep Half-Space,Possession-Secure Midfielder - Defensive Work,Central Lane,Deeper Half,Free-Roaming,56.85,4,124,47.6734,55.0645,4.7742,24.277,24.742,0.0,1.0,0.0,0.0,0.3548,0.0,0.6452,0.0,0.0,1.0,0.0388,0.6565,"Statistical archetype: Possession-Secure Midfielder - Defensive Work | Spatial profile: Central Deep Half-Space | Mean position: X=47.7, Y=55.1 | Wide=0.00, Half-space=1.00, Central=0.00 | Spatial spread=24.74"
842253,José Luis Rodríguez,Panama,M,28.1,235.0,6.091914893617021,2600000.0,EUR,1,Possession-Secure Midfielder - Defensive Work,Left Wide Midfield Zone,Possession-Secure Midfielder - Defensive Work,Left Half-Space,Advanced Middle Third,Mobile,56.5,3,143,60.9042,78.6231,8.7229,2.5856,9.098,0.0,0.6434,0.3566,0.0,0.0,0.0,0.3077,0.6923,0.6923,0.3077,0.099,0.6888,"Statistical archetype: Possession-Secure Midfielder - Defensive Work | Spatial profile: Left Wide Midfield Zone | Mean position: X=60.9, Y=78.6 | Wide=0.69, Half-space=0.31, Central=0.00 | Spatial spread=9.10"
1023088,Brian Gutiérrez,Mexico,M,23.1,198.0,6.9363636363636365,8300000.0,EUR,1,Possession-Secure Midfielder - Defensive Work,Central Roaming Zone,Possession-Secure Midfielder - Defensive Work,Central Lane,Advanced Middle Third,Mobile,56.15,4,115,57.0304,45.7539,6.5562,8.2672,10.5513,0.0,1.0,0.0,0.0,0.1478,0.8522,0.0,0.0,0.0,0.1478,0.0866,0.639,"Statistical archetype: Possession-Secure Midfielder - Defensive Work | Spatial profile: Central Roaming Zone | Mean position: X=57.0, Y=45.8 | Wide=0.00, Half-space=0.15, Central=0.85 | Spatial spread=10.55"
794541,Akram Afif,Qatar,M,29.7,239.0,7.161087866108787,7500000.0,EUR,1,Possession-Secure Midfielder - Defensive Work,Advanced Roaming Zone,Possession-Secure Midfielder - Defensive Work,Central Lane,Advanced Middle Third,Free-Roaming,55.88,3,141,58.0007,57.3014,7.2265,9.7081,12.1025,0.0,1.0,0.0,0.0,0.0,0.7872,0.2128,0.0,0.0,0.2128,0.0763,0.6856,"Statistical archetype: Possession-Secure Midfielder - Defensive Work | Spatial profile: Advanced Roaming Zone | Mean position: X=58.0, Y=57.3 | Wide=0.00, Half-space=0.21, Central=0.79 | Spatial spread=12.10"
825731,Michal Sadílek,Czechia,M,27.1,183.0,6.966120218579235,8500000.0,EUR,1,Possession-Secure Midfielder - Defensive Work,Left Half-Space,Possession-Secure Midfielder - Defensive Work,Left Half-Space,Advanced Middle Third,Positionally Stable,55.37,3,131,51.0092,64.729,6.2619,1.33,6.4016,0.0,1.0,0.0,0.0,0.0,0.0,1.0,0.0,0.0,1.0,0.1351,0.6696,"Statistical archetype: Possession-Secure Midfielder - Defensive Work | Spatial profile: Left Half-Space | Mean position: X=51.0, Y=64.7 | Wide=0.00, Half-space=1.00, Central=0.00 | Spatial spread=6.40"
920815,Ibrahim Bayesh,Iraq,M,26.2,237.0,6.416455696202531,730000.0,EUR,1,Possession-Secure Midfielder - Defensive Work,Central Deep Half-Space,Possession-Secure Midfielder - Defensive Work,Central Lane,Deeper Half,Free-Roaming,54.76,3,137,43.0533,43.0832,7.3316,23.6846,24.7933,0.0,1.0,0.0,0.0,0.7007,0.0,0.2993,0.0,0.0,1.0,0.0388,0.6792,"Statistical archetype: Possession-Secure Midfielder - Defensive Work | Spatial profile: Central Deep Half-Space | Mean position: X=43.1, Y=43.1 | Wide=0.00, Half-space=1.00, Central=0.00 | Spatial spread=24.79"
1006147,Anis Ben Slimane,Tunisia,M,25.3,242.0,6.379338842975207,4099999.0,EUR,1,Possession-Secure Midfielder - Defensive Work,Central Roaming Zone,Possession-Secure Midfielder - Defensive Work,Central Lane,Advanced Middle Third,Free-Roaming,54.7,3,132,53.3114,44.2856,4.3723,10.3695,11.2536,0.0,1.0,0.0,0.0,0.25,0.75,0.0,0.0,0.0,0.25,0.0816,0.6712,"Statistical archetype: Possession-Secure Midfielder - Defensive Work | Spatial profile: Central Roaming Zone | Mean position: X=53.3, Y=44.3 | Wide=0.00, Half-space=0.25, Central=0.75 | Spatial spread=11.25"
548050,Saman Ghoddos,Iran,M,32.9,211.0,6.679620853080569,1200000.0,EUR,1,Possession-Secure Midfielder - Defensive Work,Central Build-Up Zone,Possession-Secure Midfielder - Defensive Work,Central Lane,Deeper Half,Mobile,54.25,3,126,48.454,46.4302,8.0569,1.9751,8.2955,0.0,1.0,0.0,0.0,0.0,1.0,0.0,0.0,0.0,0.0,0.1076,0.6616,"Statistical archetype: Possession-Secure Midfielder - Defensive Work | Spatial profile: Central Build-Up Zone | Mean position: X=48.5, Y=46.4 | Wide=0.00, Half-space=0.00, Central=1.00 | Spatial spread=8.30"
926479,Akmal Mozgovoy,Uzbekistan,M,26.3,217.0,6.609677419354839,1500000.0,EUR,1,Possession-Secure Midfielder - Defensive Work,Central Build-Up Zone,Possession-Secure Midfielder - Defensive Work,Central Lane,Deeper Half,Positionally Stable,53.15,3,115,45.5374,44.5861,1.7506,6.063,6.3107,0.0,1.0,0.0,0.0,0.1826,0.8174,0.0,0.0,0.0,0.1826,0.1368,0.644,"Statistical archetype: Possession-Secure Midfielder - Defensive Work | Spatial profile: Central Build-Up Zone | Mean position: X=45.5, Y=44.6 | Wide=0.00, Half-space=0.18, Central=0.82 | Spatial spread=6.31"
250223,John McGinn,Scotland,M,31.8,261.0,6.818007662835249,12600000.0,EUR,1,Possession-Secure Midfielder - Defensive Work,Central Half-Space,Possession-Secure Midfielder - Defensive Work,Central Lane,Advanced Middle Third,Mobile,52.4,3,122,60.6557,58.1844,1.2129,10.8562,10.9237,0.0,1.0,0.0,0.0,0.0,0.3033,0.6967,0.0,0.0,0.6967,0.0839,0.6364,"Statistical archetype: Possession-Secure Midfielder - Defensive Work | Spatial profile: Central Half-Space | Mean position: X=60.7, Y=58.2 | Wide=0.00, Half-space=0.70, Central=0.30 | Spatial spread=10.92"
1118429,Abbosbek Fayzullaev,Uzbekistan,M,22.8,223.0,6.772645739910312,6500000.0,EUR,1,Possession-Secure Midfielder - Defensive Work,Central Half-Space,Possession-Secure Midfielder - Defensive Work,Central Lane,Advanced Middle Third,Free-Roaming,51.08,3,113,52.6681,53.8265,4.1578,15.4587,16.0081,0.0,1.0,0.0,0.0,0.3363,0.3451,0.3186,0.0,0.0,0.6549,0.0588,0.6283,"Statistical archetype: Possession-Secure Midfielder - Defensive Work | Spatial profile: Central Half-Space | Mean position: X=52.7, Y=53.8 | Wide=0.00, Half-space=0.65, Central=0.35 | Spatial spread=16.01"
1154861,Ben Gannon-Doak,Scotland,M,20.7,187.0,6.561497326203209,14600000.0,EUR,1,Possession-Secure Midfielder - Defensive Work,Right Advanced Wide Zone,Possession-Secure Midfielder - Defensive Work,Right Wide,Advanced Middle Third,Positionally Stable,50.66,3,104,63.6875,17.4163,2.4085,5.8868,6.3605,0.0,0.8077,0.1923,0.6442,0.3558,0.0,0.0,0.0,0.6442,0.3558,0.1359,0.6077,"Statistical archetype: Possession-Secure Midfielder - Defensive Work | Spatial profile: Right Advanced Wide Zone | Mean position: X=63.7, Y=17.4 | Wide=0.64, Half-space=0.36, Central=0.00 | Spatial spread=6.36"
797734,Edmilson Junior,Qatar,M,31.9,212.0,6.55754716981132,1900000.0,EUR,1,Possession-Secure Midfielder - Defensive Work,Central Deep Half-Space,Possession-Secure Midfielder - Defensive Work,Central Lane,Deeper Half,Free-Roaming,49.19,3,102,47.5118,51.151,10.253,13.1728,16.6927,0.2745,0.7255,0.0,0.0,0.2745,0.3627,0.3627,0.0,0.0,0.6373,0.0565,0.6044,"Statistical archetype: Possession-Secure Midfielder - Defensive Work | Spatial profile: Central Deep Half-Space | Mean position: X=47.5, Y=51.2 | Wide=0.00, Half-space=0.64, Central=0.36 | Spatial spread=16.69"
1035986,Josué Casimir,Haiti,M,24.8,181.0,5.940883977900552,2800000.0,EUR,1,Possession-Secure Midfielder - Defensive Work,Right Half-Space,Possession-Secure Midfielder - Defensive Work,Right Half-Space,Advanced Middle Third,Mobile,48.7,3,102,56.9382,35.8451,6.465,8.3583,10.5668,0.0,1.0,0.0,0.0,0.3235,0.6765,0.0,0.0,0.0,0.3235,0.0865,0.5857,"Statistical archetype: Possession-Secure Midfielder - Defensive Work | Spatial profile: Right Half-Space | Mean position: X=56.9, Y=35.8 | Wide=0.00, Half-space=0.32, Central=0.68 | Spatial spread=10.57"
867179,Abdullah Al-Khaibari,Saudi Arabia,M,29.9,180.0,6.55,680000.0,EUR,1,Possession-Secure Midfielder - Defensive Work,Central Deep Half-Space,Possession-Secure Midfielder - Defensive Work,Central Lane,Deeper Half,Free-Roaming,47.59,3,106,40.1943,54.3434,2.7628,15.9402,16.1778,0.0,1.0,0.0,0.0,0.2736,0.283,0.4434,0.0,0.0,0.717,0.0582,0.5671,"Statistical archetype: Possession-Secure Midfielder - Defensive Work | Spatial profile: Central Deep Half-Space | Mean position: X=40.2, Y=54.3 | Wide=0.00, Half-space=0.72, Central=0.28 | Spatial spread=16.18"
1015261,Damián Bobadilla,Paraguay,M,25.0,190.0,6.532105263157894,6400000.0,EUR,1,Possession-Secure Midfielder - Defensive Work,Central Deep Half-Space,Possession-Secure Midfielder - Defensive Work,Central Lane,Deep Build-Up,Mobile,43.52,3,87,30.4126,40.9897,1.4483,10.0792,10.1827,1.0,0.0,0.0,0.0,0.7241,0.2759,0.0,0.0,0.0,0.7241,0.0894,0.4992,"Statistical archetype: Possession-Secure Midfielder - Defensive Work | Spatial profile: Central Deep Half-Space | Mean position: X=30.4, Y=41.0 | Wide=0.00, Half-space=0.72, Central=0.28 | Spatial spread=10.18"
357596,Nikola Vlašić,Croatia,M,28.8,189.0,6.719047619047619,10300000.0,EUR,1,Possession-Secure Midfielder - Defensive Work,Right Wide Midfield Zone,Possession-Secure Midfielder - Defensive Work,Right Wide,Deeper Half,Positionally Stable,42.2,2,88,48.4205,19.5295,2.8659,4.4682,5.3083,0.0,1.0,0.0,0.5,0.5,0.0,0.0,0.0,0.5,0.5,0.1585,0.5308,"Statistical archetype: Possession-Secure Midfielder - Defensive Work | Spatial profile: Right Wide Midfield Zone | Mean position: X=48.4, Y=19.5 | Wide=0.50, Half-space=0.50, Central=0.00 | Spatial spread=5.31"
793167,Sander Berge,Norway,M,28.4,480.0,6.89375,26000000.0,EUR,2,Possession-Secure Midfielder - Passing Volume,Central Build-Up Zone,Possession-Secure Midfielder - Passing Volume,Central Lane,Deeper Half,Highly Fixed,89.11,5,541,46.8536,47.0174,1.6229,2.0888,2.6452,0.0,1.0,0.0,0.0,0.0,1.0,0.0,0.0,0.0,0.0,0.2743,1.0,"Statistical archetype: Possession-Secure Midfielder - Passing Volume | Spatial profile: Central Build-Up Zone | Mean position: X=46.9, Y=47.0 | Wide=0.00, Half-space=0.00, Central=1.00 | Spatial spread=2.65"
255389,Leandro Paredes,Argentina,M,32.1,473.0,7.301691331923891,5300000.0,EUR,2,Possession-Secure Midfielder - Passing Volume,Central Build-Up Zone,Possession-Secure Midfielder - Passing Volume,Central Lane,Deeper Half,Positionally Stable,87.97,7,680,48.2372,48.8185,3.033,2.682,4.0487,0.0,1.0,0.0,0.0,0.0176,0.9824,0.0,0.0,0.0,0.0176,0.1981,1.0,"Statistical archetype: Possession-Secure Midfielder - Passing Volume | Spatial profile: Central Build-Up Zone | Mean position: X=48.2, Y=48.8 | Wide=0.00, Half-space=0.02, Central=0.98 | Spatial spread=4.05"
902029,Vitinha,Portugal,M,26.4,381.0,7.293175853018372,130000000.0,EUR,2,Possession-Secure Midfielder - Passing Volume,Central Build-Up Zone,Possession-Secure Midfielder - Passing Volume,Central Lane,Deeper Half,Positionally Stable,87.97,5,474,48.5989,54.1097,1.7146,3.6634,4.0448,0.0,1.0,0.0,0.0,0.0,1.0,0.0,0.0,0.0,0.0,0.1982,1.0,"Statistical archetype: Possession-Secure Midfielder - Passing Volume | Spatial profile: Central Build-Up Zone | Mean position: X=48.6, Y=54.1 | Wide=0.00, Half-space=0.00, Central=1.00 | Spatial spread=4.04"
122951,Casemiro,Brazil,M,34.4,379.0,7.385488126649077,5500000.0,EUR,2,Possession-Secure Midfielder - Passing Volume,Central Build-Up Zone,Possession-Secure Midfielder - Passing Volume,Central Lane,Deeper Half,Positionally Stable,87.97,5,350,46.4137,52.6314,3.7126,1.6247,4.0526,0.0,1.0,0.0,0.0,0.0,1.0,0.0,0.0,0.0,0.0,0.1979,1.0,"Statistical archetype: Possession-Secure Midfielder - Passing Volume | Spatial profile: Central Build-Up Zone | Mean position: X=46.4, Y=52.6 | Wide=0.00, Half-space=0.00, Central=1.00 | Spatial spread=4.05"
250737,Adrien Rabiot,France,M,31.3,585.0,6.884615384615385,17300000.0,EUR,2,Possession-Secure Midfielder - Passing Volume,Left Half-Space,Possession-Secure Midfielder - Passing Volume,Left Half-Space,Advanced Middle Third,Positionally Stable,87.31,7,522,52.6015,61.5146,3.6172,4.1347,5.4937,0.0,1.0,0.0,0.0,0.0,0.546,0.454,0.0,0.0,0.454,0.154,1.0,"Statistical archetype: Possession-Secure Midfielder - Passing Volume | Spatial profile: Left Half-Space | Mean position: X=52.6, Y=61.5 | Wide=0.00, Half-space=0.45, Central=0.55 | Spatial spread=5.49"
1564180,Ayyoub Bouaddi,Morocco,M,18.8,384.0,6.693489583333334,54000000.0,EUR,2,Possession-Secure Midfielder - Passing Volume,Central Deep Half-Space,Possession-Secure Midfielder - Passing Volume,Central Lane,Deeper Half,Positionally Stable,87.12,5,369,43.2138,40.5127,5.2909,2.9825,6.0737,0.1518,0.8482,0.0,0.0,0.5257,0.4743,0.0,0.0,0.0,0.5257,0.1414,1.0,"Statistical archetype: Possession-Secure Midfielder - Passing Volume | Spatial profile: Central Deep Half-Space | Mean position: X=43.2, Y=40.5 | Wide=0.00, Half-space=0.53, Central=0.47 | Spatial spread=6.07"
355796,Jefferson Lerma,Colombia,M,31.7,412.0,6.7946601941747575,5500000.0,EUR,2,Possession-Secure Midfielder - Passing Volume,Central Build-Up Zone,Possession-Secure Midfielder - Passing Volume,Central Lane,Deeper Half,Positionally Stable,87.05,5,390,48.0354,47.5941,2.8942,5.6206,6.322,0.0,1.0,0.0,0.0,0.2179,0.7821,0.0,0.0,0.0,0.2179,0.1366,1.0,"Statistical archetype: Possession-Secure Midfielder - Passing Volume | Spatial profile: Central Build-Up Zone | Mean position: X=48.0, Y=47.6 | Wide=0.00, Half-space=0.22, Central=0.78 | Spatial spread=6.32"
994546,Elliot Anderson,England,M,23.7,634.0,7.2455835962145105,68000000.0,EUR,2,Possession-Secure Midfielder - Passing Volume,Central Build-Up Zone,Possession-Secure Midfielder - Passing Volume,Central Lane,Deeper Half,Mobile,86.75,8,696,48.2664,50.0401,5.7193,4.9434,7.5596,0.0244,0.9756,0.0,0.0,0.0,1.0,0.0,0.0,0.0,0.0,0.1168,1.0,"Statistical archetype: Possession-Secure Midfielder - Passing Volume | Spatial profile: Central Build-Up Zone | Mean position: X=48.3, Y=50.0 | Wide=0.00, Half-space=0.00, Central=1.00 | Spatial spread=7.56"
827606,Rodri,Spain,M,30.1,726.0,7.766942148760331,45000000.0,EUR,2,Possession-Secure Midfielder - Passing Volume,Central Build-Up Zone,Possession-Secure Midfielder - Passing Volume,Central Lane,Advanced Middle Third,Mobile,86.73,8,989,50.6007,50.4038,6.3031,4.3829,7.6771,0.0,1.0,0.0,0.0,0.0,1.0,0.0,0.0,0.0,0.0,0.1152,1.0,"Statistical archetype: Possession-Secure Midfielder - Passing Volume | Spatial profile: Central Build-Up Zone | Mean position: X=50.6, Y=50.4 | Wide=0.00, Half-space=0.00, Central=1.00 | Spatial spread=7.68"
117777,Granit Xhaka,Switzerland,M,33.8,600.0,7.525,8500000.0,EUR,2,Possession-Secure Midfielder - Passing Volume,Central Half-Space,Possession-Secure Midfielder - Passing Volume,Central Lane,Deeper Half,Mobile,86.73,6,628,49.4307,57.4659,4.4656,6.2264,7.6622,0.0,1.0,0.0,0.0,0.0,0.5255,0.4745,0.0,0.0,0.4745,0.1154,1.0,"Statistical archetype: Possession-Secure Midfielder - Passing Volume | Spatial profile: Central Half-Space | Mean position: X=49.4, Y=57.5 | Wide=0.00, Half-space=0.47, Central=0.53 | Spatial spread=7.66"
1128530,Neil El Aynaoui,Morocco,M,25.0,563.0,6.818472468916519,22000000.0,EUR,2,Possession-Secure Midfielder - Passing Volume,Deep Central Zone,Possession-Secure Midfielder - Passing Volume,Central Lane,Deeper Half,Mobile,86.66,6,609,44.3585,48.5706,5.4736,5.8746,8.0294,0.0,1.0,0.0,0.0,0.1248,0.8752,0.0,0.0,0.0,0.1248,0.1107,1.0,"Statistical archetype: Possession-Secure Midfielder - Passing Volume | Spatial profile: Deep Central Zone | Mean position: X=44.4, Y=48.6 | Wide=0.00, Half-space=0.12, Central=0.88 | Spatial spread=8.03"
1126569,Bilal El Khannouss,Morocco,M,22.2,466.0,6.928540772532188,32000000.0,EUR,2,Possession-Secure Midfielder - Passing Volume,Left Half-Space,Possession-Secure Midfielder - Passing Volume,Left Half-Space,Advanced Middle Third,Mobile,86.48,6,376,56.0513,68.0516,4.6616,7.8723,9.1489,0.0,1.0,0.0,0.0,0.0,0.1117,0.8883,0.0,0.0,0.8883,0.0985,1.0,"Statistical archetype: Possession-Secure Midfielder - Passing Volume | Spatial profile: Left Half-Space | Mean position: X=56.1, Y=68.1 | Wide=0.00, Half-space=0.89, Central=0.11 | Spatial spread=9.15"
1190933,João Neves,Portugal,M,21.8,391.0,7.215089514066496,148000000.0,EUR,2,Possession-Secure Midfielder - Passing Volume,Central Build-Up Zone,Possession-Secure Midfielder - Passing Volume,Central Lane,Advanced Middle Third,Mobile,86.43,5,344,52.4483,47.8433,2.6336,9.0861,9.4601,0.0,1.0,0.0,0.0,0.1134,0.7355,0.1512,0.0,0.0,0.2645,0.0956,1.0,"Statistical archetype: Possession-Secure Midfielder - Passing Volume | Spatial profile: Central Build-Up Zone | Mean position: X=52.4, Y=47.8 | Wide=0.00, Half-space=0.26, Central=0.74 | Spatial spread=9.46"
974087,Manu Koné,France,M,25.2,386.0,6.926943005181347,47000000.0,EUR,2,Possession-Secure Midfielder - Passing Volume,Central Build-Up Zone,Possession-Secure Midfielder - Passing Volume,Central Lane,Advanced Middle Third,Mobile,86.41,5,372,54.5602,51.3589,3.9171,8.795,9.6278,0.0,1.0,0.0,0.0,0.1559,0.8441,0.0,0.0,0.0,0.1559,0.0941,1.0,"Statistical archetype: Possession-Secure Midfielder - Passing Volume | Spatial profile: Central Build-Up Zone | Mean position: X=54.6, Y=51.4 | Wide=0.00, Half-space=0.16, Central=0.84 | Spatial spread=9.63"
895324,Alexis Mac Allister,Argentina,M,27.6,749.0,6.747663551401869,77000000.0,EUR,2,Possession-Secure Midfielder - Passing Volume,Central Roaming Zone,Possession-Secure Midfielder - Passing Volume,Central Lane,Advanced Middle Third,Mobile,86.31,8,639,51.4588,47.1426,6.1201,8.5009,10.4748,0.0,1.0,0.0,0.0,0.2347,0.6729,0.0923,0.0,0.0,0.3271,0.0871,1.0,"Statistical archetype: Possession-Secure Midfielder - Passing Volume | Spatial profile: Central Roaming Zone | Mean position: X=51.5, Y=47.1 | Wide=0.00, Half-space=0.33, Central=0.67 | Spatial spread=10.47"
1174889,Gustavo Puerta,Colombia,M,23.0,470.0,7.1191489361702125,10700000.0,EUR,2,Possession-Secure Midfielder - Passing Volume,Central Roaming Zone,Possession-Secure Midfielder - Passing Volume,Central Lane,Advanced Middle Third,Mobile,86.31,5,414,52.4389,50.8157,3.1331,10.0026,10.4818,0.0,1.0,0.0,0.0,0.1643,0.6063,0.2295,0.0,0.0,0.3937,0.0871,1.0,"Statistical archetype: Possession-Secure Midfielder - Passing Volume | Spatial profile: Central Roaming Zone | Mean position: X=52.4, Y=50.8 | Wide=0.00, Half-space=0.39, Central=0.61 | Spatial spread=10.48"
115516,Remo Freuler,Switzerland,M,34.3,594.0,6.816498316498317,3100000.0,EUR,2,Possession-Secure Midfielder - Passing Volume,Central Roaming Zone,Possession-Secure Midfielder - Passing Volume,Central Lane,Advanced Middle Third,Free-Roaming,86.22,6,469,50.797,46.6983,7.9029,8.0048,11.2487,0.0,1.0,0.0,0.0,0.0,0.8593,0.1407,0.0,0.0,0.1407,0.0816,1.0,"Statistical archetype: Possession-Secure Midfielder - Passing Volume | Spatial profile: Central Roaming Zone | Mean position: X=50.8, Y=46.7 | Wide=0.00, Half-space=0.14, Central=0.86 | Spatial spread=11.25"
784655,Fabián Ruiz,Spain,M,30.3,331.0,6.914199395770392,29000000.0,EUR,2,Possession-Secure Midfielder - Passing Volume,Central Roaming Zone,Possession-Secure Midfielder - Passing Volume,Central Lane,Advanced Middle Third,Free-Roaming,86.17,6,358,55.848,54.9106,7.1817,9.4312,11.8543,0.0,1.0,0.0,0.0,0.0,0.7709,0.2291,0.0,0.0,0.2291,0.0778,1.0,"Statistical archetype: Possession-Secure Midfielder - Passing Volume | Spatial profile: Central Roaming Zone | Mean position: X=55.8, Y=54.9 | Wide=0.00, Half-space=0.23, Central=0.77 | Spatial spread=11.85"
974505,Enzo Fernández,Argentina,M,25.5,663.0,7.004524886877828,87000000.0,EUR,2,Possession-Secure Midfielder - Passing Volume,Central Half-Space,Possession-Secure Midfielder - Passing Volume,Central Lane,Advanced Middle Third,Free-Roaming,86.01,7,695,53.2258,58.0832,7.3702,11.7567,13.8759,0.0,1.0,0.0,0.0,0.1626,0.1957,0.6417,0.0,0.0,0.8043,0.0672,1.0,"Statistical archetype: Possession-Secure Midfielder - Passing Volume | Spatial profile: Central Half-Space | Mean position: X=53.2, Y=58.1 | Wide=0.00, Half-space=0.80, Central=0.20 | Spatial spread=13.88"
228364,Fredrik Aursnes,Norway,M,30.6,310.0,6.700967741935484,14000000.0,EUR,2,Possession-Secure Midfielder - Passing Volume,Right Wide Midfield Zone,Possession-Secure Midfielder - Passing Volume,Right Half-Space,Deeper Half,Free-Roaming,85.21,6,264,46.1811,34.9004,4.9214,20.3863,20.9719,0.0,1.0,0.0,0.4545,0.2538,0.0,0.2917,0.0,0.4545,0.5455,0.0455,0.9906,"Statistical archetype: Possession-Secure Midfielder - Passing Volume | Spatial profile: Right Wide Midfield Zone | Mean position: X=46.2, Y=34.9 | Wide=0.45, Half-space=0.55, Central=0.00 | Spatial spread=20.97"
879349,Pedro Neto,Portugal,M,26.4,352.0,6.8125,58000000.0,EUR,2,Possession-Secure Midfielder - Passing Volume,Right Wide Midfield Zone,Possession-Secure Midfielder - Passing Volume,Right Half-Space,Advanced Middle Third,Free-Roaming,82.96,5,232,61.6267,35.297,6.1968,29.5721,30.2144,0.0,0.6379,0.3621,0.5474,0.2112,0.0,0.0,0.2414,0.7888,0.2112,0.032,0.9712,"Statistical archetype: Possession-Secure Midfielder - Passing Volume | Spatial profile: Right Wide Midfield Zone | Mean position: X=61.6, Y=35.3 | Wide=0.79, Half-space=0.21, Central=0.00 | Spatial spread=30.21"
1142251,Aleksandar Pavlović,Germany,M,22.2,274.0,6.822992700729927,96000000.0,EUR,2,Possession-Secure Midfielder - Passing Volume,Central Build-Up Zone,Possession-Secure Midfielder - Passing Volume,Central Lane,Advanced Middle Third,Highly Fixed,82.93,4,338,53.7947,54.3642,0.4145,1.7103,1.7598,0.0,1.0,0.0,0.0,0.0,1.0,0.0,0.0,0.0,0.0,0.3623,0.93,"Statistical archetype: Possession-Secure Midfielder - Passing Volume | Spatial profile: Central Build-Up Zone | Mean position: X=53.8, Y=54.4 | Wide=0.00, Half-space=0.00, Central=1.00 | Spatial spread=1.76"
944660,Thiago Almada,Argentina,M,25.2,243.0,6.79835390946502,16000000.0,EUR,2,Possession-Secure Midfielder - Passing Volume,Left Half-Space,Possession-Secure Midfielder - Passing Volume,Left Half-Space,Advanced Middle Third,Mobile,82.86,5,224,57.6188,66.5371,8.5829,2.6801,8.9916,0.0,0.8393,0.1607,0.0,0.0,0.0,1.0,0.0,0.0,1.0,0.1001,0.9584,"Statistical archetype: Possession-Secure Midfielder - Passing Volume | Spatial profile: Left Half-Space | Mean position: X=57.6, Y=66.5 | Wide=0.00, Half-space=1.00, Central=0.00 | Spatial spread=8.99"
859025,Aurélien Tchouaméni,France,M,26.5,360.0,7.325,73000000.0,EUR,2,Possession-Secure Midfielder - Passing Volume,Central Build-Up Zone,Possession-Secure Midfielder - Passing Volume,Central Lane,Deeper Half,Highly Fixed,80.93,4,367,47.0804,47.7948,2.6626,2.0708,3.373,0.0,1.0,0.0,0.0,0.0,1.0,0.0,0.0,0.0,0.0,0.2287,0.93,"Statistical archetype: Possession-Secure Midfielder - Passing Volume | Spatial profile: Central Build-Up Zone | Mean position: X=47.1, Y=47.8 | Wide=0.00, Half-space=0.00, Central=1.00 | Spatial spread=3.37"
800419,Tyler Adams,USA,M,27.4,342.0,6.889473684210526,26000000.0,EUR,2,Possession-Secure Midfielder - Passing Volume,Central Build-Up Zone,Possession-Secure Midfielder - Passing Volume,Central Lane,Deeper Half,Positionally Stable,80.5,4,337,46.1326,50.4273,1.7297,3.6096,4.0026,0.0,1.0,0.0,0.0,0.0,1.0,0.0,0.0,0.0,0.0,0.1999,0.93,"Statistical archetype: Possession-Secure Midfielder - Passing Volume | Spatial profile: Central Build-Up Zone | Mean position: X=46.1, Y=50.4 | Wide=0.00, Half-space=0.00, Central=1.00 | Spatial spread=4.00"
791079,Xaver Schlager,Austria,M,28.8,239.0,6.3916317991631795,9500000.0,EUR,2,Possession-Secure Midfielder - Passing Volume,Central Build-Up Zone,Possession-Secure Midfielder - Passing Volume,Central Lane,Deeper Half,Highly Fixed,80.3,4,231,47.8351,59.3437,1.1951,1.2778,1.7496,0.0,1.0,0.0,0.0,0.0,0.7186,0.2814,0.0,0.0,0.2814,0.3637,0.8996,"Statistical archetype: Possession-Secure Midfielder - Passing Volume | Spatial profile: Central Build-Up Zone | Mean position: X=47.8, Y=59.3 | Wide=0.00, Half-space=0.28, Central=0.72 | Spatial spread=1.75"
873534,Krépin Diatta,Senegal,M,27.4,390.0,6.8076923076923075,5800000.0,EUR,2,Possession-Secure Midfielder - Passing Volume,Right Wide Midfield Zone,Possession-Secure Midfielder - Passing Volume,Right Wide,Advanced Middle Third,Positionally Stable,79.8,4,398,50.4751,15.4937,5.1585,1.9513,5.5152,0.0,1.0,0.0,1.0,0.0,0.0,0.0,0.0,1.0,0.0,0.1535,0.93,"Statistical archetype: Possession-Secure Midfielder - Passing Volume | Spatial profile: Right Wide Midfield Zone | Mean position: X=50.5, Y=15.5 | Wide=1.00, Half-space=0.00, Central=0.00 | Spatial spread=5.52"
38710,Ivan Perišić,Croatia,M,37.5,360.0,6.95,1200000.0,EUR,2,Possession-Secure Midfielder - Passing Volume,Left Wide Midfield Zone,Possession-Secure Midfielder - Passing Volume,Left Wide,Deeper Half,Positionally Stable,79.73,4,267,49.2989,82.1273,5.5457,1.4501,5.7322,0.0,1.0,0.0,0.0,0.0,0.0,0.0,1.0,1.0,0.0,0.1485,0.93,"Statistical archetype: Possession-Secure Midfielder - Passing Volume | Spatial profile: Left Wide Midfield Zone | Mean position: X=49.3, Y=82.1 | Wide=1.00, Half-space=0.00, Central=0.00 | Spatial spread=5.73"
918506,Mohanad Lasheen,Egypt,M,30.1,359.0,6.900835654596101,3200000.0,EUR,2,Possession-Secure Midfielder - Passing Volume,Central Build-Up Zone,Possession-Secure Midfielder - Passing Volume,Central Lane,Deeper Half,Positionally Stable,79.63,4,307,45.1303,44.6524,4.0338,4.5056,6.0475,0.0,1.0,0.0,0.0,0.0,1.0,0.0,0.0,0.0,0.0,0.1419,0.93,"Statistical archetype: Possession-Secure Midfielder - Passing Volume | Spatial profile: Central Build-Up Zone | Mean position: X=45.1, Y=44.7 | Wide=0.00, Half-space=0.00, Central=1.00 | Spatial spread=6.05"
106337,Idrissa Gana Gueye,Senegal,M,36.8,364.0,7.194505494505495,485000.0,EUR,2,Possession-Secure Midfielder - Passing Volume,Central Build-Up Zone,Possession-Secure Midfielder - Passing Volume,Central Lane,Advanced Middle Third,Positionally Stable,79.57,4,346,50.0835,48.2581,5.6871,2.5785,6.2444,0.0,1.0,0.0,0.0,0.0,1.0,0.0,0.0,0.0,0.0,0.138,0.93,"Statistical archetype: Possession-Secure Midfielder - Passing Volume | Spatial profile: Central Build-Up Zone | Mean position: X=50.1, Y=48.3 | Wide=0.00, Half-space=0.00, Central=1.00 | Spatial spread=6.24"
795222,Frenkie de Jong,Netherlands,M,29.2,331.0,7.073111782477341,32000000.0,EUR,2,Possession-Secure Midfielder - Passing Volume,Central Build-Up Zone,Possession-Secure Midfielder - Passing Volume,Central Lane,Advanced Middle Third,Positionally Stable,79.57,4,319,50.4702,56.0091,4.9647,3.7785,6.239,0.0,1.0,0.0,0.0,0.0,0.7712,0.2288,0.0,0.0,0.2288,0.1381,0.93,"Statistical archetype: Possession-Secure Midfielder - Passing Volume | Spatial profile: Central Build-Up Zone | Mean position: X=50.5, Y=56.0 | Wide=0.00, Half-space=0.23, Central=0.77 | Spatial spread=6.24"
368120,Nabil Bentaleb,Algeria,M,31.7,288.0,6.936805555555555,4900000.0,EUR,2,Possession-Secure Midfielder - Passing Volume,Central Deep Half-Space,Possession-Secure Midfielder - Passing Volume,Central Lane,Deeper Half,Positionally Stable,79.56,4,339,47.5788,58.0215,2.7971,5.6192,6.2769,0.0,1.0,0.0,0.0,0.0,0.4071,0.5929,0.0,0.0,0.5929,0.1374,0.93,"Statistical archetype: Possession-Secure Midfielder - Passing Volume | Spatial profile: Central Deep Half-Space | Mean position: X=47.6, Y=58.0 | Wide=0.00, Half-space=0.59, Central=0.41 | Spatial spread=6.28"
136710,Mateo Kovačić,Croatia,M,32.2,271.0,6.844649446494465,9700000.0,EUR,2,Possession-Secure Midfielder - Passing Volume,Left Half-Space,Possession-Secure Midfielder - Passing Volume,Left Half-Space,Deeper Half,Positionally Stable,79.39,4,261,49.4651,63.9621,2.1658,6.5753,6.9228,0.0,1.0,0.0,0.0,0.0,0.1494,0.8506,0.0,0.0,0.8506,0.1262,0.93,"Statistical archetype: Possession-Secure Midfielder - Passing Volume | Spatial profile: Left Half-Space | Mean position: X=49.5, Y=64.0 | Wide=0.00, Half-space=0.85, Central=0.15 | Spatial spread=6.92"
359226,Franck Kessié,Côte d'Ivoire,M,29.6,347.0,6.844668587896253,10800000.0,EUR,2,Possession-Secure Midfielder - Passing Volume,Central Half-Space,Possession-Secure Midfielder - Passing Volume,Central Lane,Advanced Middle Third,Mobile,79.14,4,263,51.8905,43.8449,4.9381,6.4945,8.1587,0.0,1.0,0.0,0.0,0.5019,0.4981,0.0,0.0,0.0,0.5019,0.1092,0.93,"Statistical archetype: Possession-Secure Midfielder - Passing Volume | Spatial profile: Central Half-Space | Mean position: X=51.9, Y=43.8 | Wide=0.00, Half-space=0.50, Central=0.50 | Spatial spread=8.16"
843754,Ibrahim Sangaré,Côte d'Ivoire,M,28.6,268.0,7.572388059701493,21000000.0,EUR,2,Possession-Secure Midfielder - Passing Volume,Deep Central Zone,Possession-Secure Midfielder - Passing Volume,Central Lane,Deeper Half,Mobile,79.14,4,284,42.3743,48.1437,1.8549,7.9549,8.1683,0.0,1.0,0.0,0.0,0.0,0.9507,0.0493,0.0,0.0,0.0493,0.1091,0.93,"Statistical archetype: Possession-Secure Midfielder - Passing Volume | Spatial profile: Deep Central Zone | Mean position: X=42.4, Y=48.1 | Wide=0.00, Half-space=0.05, Central=0.95 | Spatial spread=8.17"
1192318,Farès Chaïbi,Algeria,M,23.6,360.0,6.5,14500000.0,EUR,2,Possession-Secure Midfielder - Passing Volume,Left Half-Space,Possession-Secure Midfielder - Passing Volume,Left Half-Space,Advanced Middle Third,Free-Roaming,78.47,4,339,56.0531,62.3339,4.7538,13.7072,14.5081,0.0,1.0,0.0,0.0,0.0,0.2861,0.7139,0.0,0.0,0.7139,0.0645,0.93,"Statistical archetype: Possession-Secure Midfielder - Passing Volume | Spatial profile: Left Half-Space | Mean position: X=56.1, Y=62.3 | Wide=0.00, Half-space=0.71, Central=0.29 | Spatial spread=14.51"
822729,Alan Franco,Ecuador,M,27.9,254.0,6.826771653543307,4700000.0,EUR,2,Possession-Secure Midfielder - Passing Volume,Right Wide Midfield Zone,Possession-Secure Midfielder - Passing Volume,Right Half-Space,Deeper Half,Highly Fixed,78.08,4,225,45.5742,20.5369,1.9227,1.8643,2.6782,0.0,1.0,0.0,0.4578,0.5422,0.0,0.0,0.0,0.4578,0.5422,0.2719,0.89,"Statistical archetype: Possession-Secure Midfielder - Passing Volume | Spatial profile: Right Wide Midfield Zone | Mean position: X=45.6, Y=20.5 | Wide=0.46, Half-space=0.54, Central=0.00 | Spatial spread=2.68"
976575,Nicolas Seiwald,Austria,M,25.2,315.0,6.928571428571429,24000000.0,EUR,2,Possession-Secure Midfielder - Passing Volume,Central Build-Up Zone,Possession-Secure Midfielder - Passing Volume,Central Lane,Deeper Half,Positionally Stable,76.28,4,224,46.5112,45.1549,2.528,4.5339,5.1911,0.0,1.0,0.0,0.0,0.1741,0.8259,0.0,0.0,0.0,0.1741,0.1615,0.8884,"Statistical archetype: Possession-Secure Midfielder - Passing Volume | Spatial profile: Central Build-Up Zone | Mean position: X=46.5, Y=45.2 | Wide=0.00, Half-space=0.17, Central=0.83 | Spatial spread=5.19"
847151,Edson Álvarez,Mexico,M,28.7,239.0,7.056485355648536,14600000.0,EUR,2,Possession-Secure Midfielder - Passing Volume,Right Deep Half-Space,Possession-Secure Midfielder - Passing Volume,Right Half-Space,Deeper Half,Mobile,74.81,4,219,39.6155,38.4849,7.256,3.5817,8.0918,0.4521,0.5479,0.0,0.0,0.7443,0.2557,0.0,0.0,0.0,0.7443,0.11,0.8804,"Statistical archetype: Possession-Secure Midfielder - Passing Volume | Spatial profile: Right Deep Half-Space | Mean position: X=39.6, Y=38.5 | Wide=0.00, Half-space=0.74, Central=0.26 | Spatial spread=8.09"
1888002,Christ Inao Oulaï,Côte d'Ivoire,M,20.3,208.0,7.107211538461538,22000000.0,EUR,2,Possession-Secure Midfielder - Passing Volume,Left Half-Space,Possession-Secure Midfielder - Passing Volume,Left Half-Space,Deeper Half,Mobile,74.31,4,216,48.6829,65.9833,3.0765,7.9557,8.5298,0.0,1.0,0.0,0.0,0.0,0.3981,0.6019,0.0,0.0,0.6019,0.1049,0.8756,"Statistical archetype: Possession-Secure Midfielder - Passing Volume | Spatial profile: Left Half-Space | Mean position: X=48.7, Y=66.0 | Wide=0.00, Half-space=0.60, Central=0.40 | Spatial spread=8.53"
1002620,Marko Stamenić,New Zealand,M,24.4,269.0,6.834200743494424,3100000.0,EUR,2,Possession-Secure Midfielder - Passing Volume,Deep Central Zone,Possession-Secure Midfielder - Passing Volume,Central Lane,Deeper Half,Positionally Stable,72.78,3,255,43.6737,57.569,3.8022,2.2182,4.4019,0.0,1.0,0.0,0.0,0.0,0.6902,0.3098,0.0,0.0,0.3098,0.1851,0.86,"Statistical archetype: Possession-Secure Midfielder - Passing Volume | Spatial profile: Deep Central Zone | Mean position: X=43.7, Y=57.6 | Wide=0.00, Half-space=0.31, Central=0.69 | Spatial spread=4.40"
907152,Lewis Ferguson,Scotland,M,26.9,270.0,7.666666666666667,13000000.0,EUR,2,Possession-Secure Midfielder - Passing Volume,Central Build-Up Zone,Possession-Secure Midfielder - Passing Volume,Central Lane,Deeper Half,Positionally Stable,72.58,3,302,45.1695,50.9258,3.9037,2.8299,4.8215,0.0,1.0,0.0,0.0,0.0,1.0,0.0,0.0,0.0,0.0,0.1718,0.86,"Statistical archetype: Possession-Secure Midfielder - Passing Volume | Spatial profile: Central Build-Up Zone | Mean position: X=45.2, Y=50.9 | Wide=0.00, Half-space=0.00, Central=1.00 | Spatial spread=4.82"
791190,Rodrigo Bentancur,Uruguay,M,29.1,270.0,6.933333333333334,19300000.0,EUR,2,Possession-Secure Midfielder - Passing Volume,Central Build-Up Zone,Possession-Secure Midfielder - Passing Volume,Central Lane,Advanced Middle Third,Positionally Stable,71.96,3,296,50.4953,45.1044,3.1965,5.8511,6.6673,0.0,1.0,0.0,0.0,0.3311,0.6689,0.0,0.0,0.0,0.3311,0.1304,0.86,"Statistical archetype: Possession-Secure Midfielder - Passing Volume | Spatial profile: Central Build-Up Zone | Mean position: X=50.5, Y=45.1 | Wide=0.00, Half-space=0.33, Central=0.67 | Spatial spread=6.67"
918913,Hamdy Fathy,Egypt,M,31.8,241.0,6.771784232365145,1900000.0,EUR,2,Possession-Secure Midfielder - Passing Volume,Central Deep Half-Space,Possession-Secure Midfielder - Passing Volume,Central Lane,Deeper Half,Free-Roaming,70.21,4,190,36.6468,58.3674,4.537,11.7218,12.5692,0.1526,0.8474,0.0,0.0,0.0,0.3316,0.6684,0.0,0.0,0.6684,0.0737,0.834,"Statistical archetype: Possession-Secure Midfielder - Passing Volume | Spatial profile: Central Deep Half-Space | Mean position: X=36.6, Y=58.4 | Wide=0.00, Half-space=0.67, Central=0.33 | Spatial spread=12.57"
1171539,Noah Sadiki,DR Congo,M,21.6,258.0,6.869767441860465,37000000.0,EUR,2,Possession-Secure Midfielder - Passing Volume,Left Deep Half-Space,Possession-Secure Midfielder - Passing Volume,Left Half-Space,Deeper Half,Mobile,69.36,4,179,45.7536,64.6017,4.5901,5.7124,7.3281,0.0,1.0,0.0,0.0,0.0,0.4302,0.5698,0.0,0.0,0.5698,0.1201,0.8164,"Statistical archetype: Possession-Secure Midfielder - Passing Volume | Spatial profile: Left Deep Half-Space | Mean position: X=45.8, Y=64.6 | Wide=0.00, Half-space=0.57, Central=0.43 | Spatial spread=7.33"
871886,Ao Tanaka,Japan,M,27.9,192.0,7.23125,14000000.0,EUR,2,Possession-Secure Midfielder - Passing Volume,Deep Central Zone,Possession-Secure Midfielder - Passing Volume,Central Lane,Deeper Half,Positionally Stable,69.13,3,230,42.1991,49.8743,5.3027,4.2321,6.7845,0.087,0.913,0.0,0.0,0.0,1.0,0.0,0.0,0.0,0.0,0.1285,0.828,"Statistical archetype: Possession-Secure Midfielder - Passing Volume | Spatial profile: Deep Central Zone | Mean position: X=42.2, Y=49.9 | Wide=0.00, Half-space=0.00, Central=1.00 | Spatial spread=6.78"
921089,Deroy Duarte,Cabo Verde,M,27.0,264.0,7.154924242424243,1700000.0,EUR,2,Possession-Secure Midfielder - Passing Volume,Deep Central Zone,Possession-Secure Midfielder - Passing Volume,Central Lane,Deeper Half,Mobile,67.88,4,170,43.8547,55.8618,4.8925,6.9308,8.4836,0.1118,0.8882,0.0,0.0,0.0,0.6412,0.3588,0.0,0.0,0.3588,0.1054,0.802,"Statistical archetype: Possession-Secure Midfielder - Passing Volume | Spatial profile: Deep Central Zone | Mean position: X=43.9, Y=55.9 | Wide=0.00, Half-space=0.36, Central=0.64 | Spatial spread=8.48"
822684,Sphephelo Sithole,South Africa,M,27.4,229.0,6.668558951965065,640000.0,EUR,2,Possession-Secure Midfielder - Passing Volume,Deep Central Zone,Possession-Secure Midfielder - Passing Volume,Central Lane,Deeper Half,Positionally Stable,67.06,3,213,39.0883,48.3113,1.104,5.5791,5.6873,0.0,1.0,0.0,0.0,0.0,1.0,0.0,0.0,0.0,0.0,0.1495,0.8008,"Statistical archetype: Possession-Secure Midfielder - Passing Volume | Spatial profile: Deep Central Zone | Mean position: X=39.1, Y=48.3 | Wide=0.00, Half-space=0.00, Central=1.00 | Spatial spread=5.69"
359334,Saeid Ezatolahi,Iran,M,29.8,265.0,6.935849056603773,1700000.0,EUR,2,Possession-Secure Midfielder - Passing Volume,Deep Central Zone,Possession-Secure Midfielder - Passing Volume,Central Lane,Deeper Half,Positionally Stable,66.63,3,209,42.1856,53.4086,3.6684,3.8652,5.3289,0.0,1.0,0.0,0.0,0.0,1.0,0.0,0.0,0.0,0.0,0.158,0.7944,"Statistical archetype: Possession-Secure Midfielder - Passing Volume | Spatial profile: Deep Central Zone | Mean position: X=42.2, Y=53.4 | Wide=0.00, Half-space=0.00, Central=1.00 | Spatial spread=5.33"
316148,Thomas Partey,Ghana,M,33.1,270.0,6.9,1900000.0,EUR,2,Possession-Secure Midfielder - Passing Volume,Deep Central Zone,Possession-Secure Midfielder - Passing Volume,Central Lane,Deeper Half,Mobile,66.44,3,213,41.9577,50.3995,8.108,1.4123,8.2301,0.2347,0.7653,0.0,0.0,0.0,1.0,0.0,0.0,0.0,0.0,0.1083,0.8008,"Statistical archetype: Possession-Secure Midfielder - Passing Volume | Spatial profile: Deep Central Zone | Mean position: X=42.0, Y=50.4 | Wide=0.00, Half-space=0.00, Central=1.00 | Spatial spread=8.23"
913679,Pathé Ismaël Ciss,Senegal,M,32.3,191.0,6.827225130890052,1600000.0,EUR,2,Possession-Secure Midfielder - Passing Volume,Right Deep Half-Space,Possession-Secure Midfielder - Passing Volume,Right Half-Space,Deeper Half,Positionally Stable,65.34,4,180,41.2472,38.6111,5.1423,3.8916,6.4488,0.0,1.0,0.0,0.0,0.7444,0.2556,0.0,0.0,0.0,0.7444,0.1342,0.7305,"Statistical archetype: Possession-Secure Midfielder - Passing Volume | Spatial profile: Right Deep Half-Space | Mean position: X=41.2, Y=38.6 | Wide=0.00, Half-space=0.74, Central=0.26 | Spatial spread=6.45"
1028307,Kaishu Sano,Japan,M,25.6,270.0,7.2,42000000.0,EUR,2,Possession-Secure Midfielder - Passing Volume,Right Deep Half-Space,Possession-Secure Midfielder - Passing Volume,Right Half-Space,Deeper Half,Highly Fixed,65.19,3,191,47.7262,38.9298,2.6323,2.0788,3.3542,0.0,1.0,0.0,0.0,0.733,0.267,0.0,0.0,0.0,0.733,0.2297,0.7656,"Statistical archetype: Possession-Secure Midfielder - Passing Volume | Spatial profile: Right Deep Half-Space | Mean position: X=47.7, Y=38.9 | Wide=0.00, Half-space=0.73, Central=0.27 | Spatial spread=3.35"
358890,Otabek Shukurov,Uzbekistan,M,30.1,238.0,6.5886554621848745,1400000.0,EUR,2,Possession-Secure Midfielder - Passing Volume,Deep Central Zone,Possession-Secure Midfielder - Passing Volume,Central Lane,Deeper Half,Positionally Stable,64.88,3,194,44.0082,58.799,2.3679,3.848,4.5182,0.0,1.0,0.0,0.0,0.0,0.6031,0.3969,0.0,0.0,0.3969,0.1812,0.7704,"Statistical archetype: Possession-Secure Midfielder - Passing Volume | Spatial profile: Deep Central Zone | Mean position: X=44.0, Y=58.8 | Wide=0.00, Half-space=0.40, Central=0.60 | Spatial spread=4.52"
1173167,Danley Jean Jacques,Haiti,M,26.2,260.0,6.796153846153846,3200000.0,EUR,2,Possession-Secure Midfielder - Passing Volume,Central Build-Up Zone,Possession-Secure Midfielder - Passing Volume,Central Lane,Deeper Half,Positionally Stable,64.74,3,193,47.2316,41.9067,3.4205,2.9568,4.5213,0.0,1.0,0.0,0.0,0.3782,0.6218,0.0,0.0,0.0,0.3782,0.1811,0.7688,"Statistical archetype: Possession-Secure Midfielder - Passing Volume | Spatial profile: Central Build-Up Zone | Mean position: X=47.2, Y=41.9 | Wide=0.00, Half-space=0.38, Central=0.62 | Spatial spread=4.52"
846425,Manuel Ugarte,Uruguay,M,25.3,186.0,6.46989247311828,24000000.0,EUR,2,Possession-Secure Midfielder - Passing Volume,Central Build-Up Zone,Possession-Secure Midfielder - Passing Volume,Central Lane,Advanced Middle Third,Positionally Stable,63.21,3,188,50.6314,53.4101,5.7353,3.8713,6.9196,0.0,1.0,0.0,0.0,0.0,1.0,0.0,0.0,0.0,0.0,0.1263,0.7608,"Statistical archetype: Possession-Secure Midfielder - Passing Volume | Spatial profile: Central Build-Up Zone | Mean position: X=50.6, Y=53.4 | Wide=0.00, Half-space=0.00, Central=1.00 | Spatial spread=6.92"
927845,Noor Al-Rawabdeh,Jordan,M,29.4,270.0,6.633333333333334,455000.0,EUR,2,Possession-Secure Midfielder - Passing Volume,Deep Central Zone,Possession-Secure Midfielder - Passing Volume,Central Lane,Deeper Half,Positionally Stable,62.87,3,183,42.5306,58.7563,5.0138,2.6437,5.6681,0.0,1.0,0.0,0.0,0.0,0.7213,0.2787,0.0,0.0,0.2787,0.15,0.7528,"Statistical archetype: Possession-Secure Midfielder - Passing Volume | Spatial profile: Deep Central Zone | Mean position: X=42.5, Y=58.8 | Wide=0.00, Half-space=0.28, Central=0.72 | Spatial spread=5.67"
833352,Yoel Bárcenas,Panama,M,32.7,250.0,6.9436,705000.0,EUR,2,Possession-Secure Midfielder - Passing Volume,Central Build-Up Zone,Possession-Secure Midfielder - Passing Volume,Central Lane,Advanced Middle Third,Positionally Stable,62.09,3,179,51.7385,54.3307,3.451,5.3763,6.3886,0.0,1.0,0.0,0.0,0.0,0.5642,0.4358,0.0,0.0,0.4358,0.1353,0.7464,"Statistical archetype: Possession-Secure Midfielder - Passing Volume | Spatial profile: Central Build-Up Zone | Mean position: X=51.7, Y=54.3 | Wide=0.00, Half-space=0.44, Central=0.56 | Spatial spread=6.39"
905639,Kwasi Sibo,Ghana,M,28.1,249.0,6.488755020080322,1500000.0,EUR,2,Possession-Secure Midfielder - Passing Volume,Deep Central Zone,Possession-Secure Midfielder - Passing Volume,Central Lane,Deeper Half,Mobile,61.66,4,142,42.807,54.8901,5.3976,7.4898,9.232,0.0,1.0,0.0,0.0,0.0,0.7535,0.2465,0.0,0.0,0.2465,0.0977,0.7134,"Statistical archetype: Possession-Secure Midfielder - Passing Volume | Spatial profile: Deep Central Zone | Mean position: X=42.8, Y=54.9 | Wide=0.00, Half-space=0.25, Central=0.75 | Spatial spread=9.23"
1014225,Zidane Iqbal,Iraq,M,23.2,188.0,6.620212765957446,1000000.0,EUR,2,Possession-Secure Midfielder - Passing Volume,Central Deep Half-Space,Possession-Secure Midfielder - Passing Volume,Central Lane,Deeper Half,Mobile,60.04,3,169,40.5302,54.7562,2.0853,9.6203,9.8437,0.0,1.0,0.0,0.0,0.0,0.426,0.574,0.0,0.0,0.574,0.0922,0.7304,"Statistical archetype: Possession-Secure Midfielder - Passing Volume | Spatial profile: Central Deep Half-Space | Mean position: X=40.5, Y=54.8 | Wide=0.00, Half-space=0.57, Central=0.43 | Spatial spread=9.84"
591706,Ellyes Skhiri,Tunisia,M,31.2,251.0,6.4231075697211155,5200000.0,EUR,2,Possession-Secure Midfielder - Passing Volume,Deep Central Zone,Possession-Secure Midfielder - Passing Volume,Central Lane,Deep Build-Up,Mobile,58.69,3,160,34.2625,52.8969,9.2072,5.353,10.6502,0.3312,0.6687,0.0,0.0,0.0,1.0,0.0,0.0,0.0,0.0,0.0858,0.716,"Statistical archetype: Possession-Secure Midfielder - Passing Volume | Spatial profile: Deep Central Zone | Mean position: X=34.3, Y=52.9 | Wide=0.00, Half-space=0.00, Central=1.00 | Spatial spread=10.65"
1411105,Paul Okon-Engstler,Australia,M,21.5,204.0,7.041176470588236,1100000.0,EUR,2,Possession-Secure Midfielder - Passing Volume,Left Deep Half-Space,Possession-Secure Midfielder - Passing Volume,Left Half-Space,Deeper Half,Positionally Stable,58.33,3,148,41.2412,62.0473,3.138,3.5663,4.7504,0.0,1.0,0.0,0.0,0.0,0.1486,0.8514,0.0,0.0,0.8514,0.1739,0.6968,"Statistical archetype: Possession-Secure Midfielder - Passing Volume | Spatial profile: Left Deep Half-Space | Mean position: X=41.2, Y=62.0 | Wide=0.00, Half-space=0.85, Central=0.15 | Spatial spread=4.75"
954524,Abdulla Abdullaev,Uzbekistan,M,28.9,180.0,6.4,485000.0,EUR,2,Possession-Secure Midfielder - Passing Volume,Right Deep Half-Space,Possession-Secure Midfielder - Passing Volume,Right Half-Space,Deeper Half,Free-Roaming,45.29,2,119,35.0185,33.4176,2.5814,12.0417,12.3153,0.4958,0.5042,0.0,0.0,0.5042,0.4958,0.0,0.0,0.0,0.5042,0.0751,0.5804,"Statistical archetype: Possession-Secure Midfielder - Passing Volume | Spatial profile: Right Deep Half-Space | Mean position: X=35.0, Y=33.4 | Wide=0.00, Half-space=0.50, Central=0.50 | Spatial spread=12.32"
159665,Mohamed Salah,Egypt,M,34.1,428.0,7.244392523364485,21000000.0,EUR,3,Goal-Threat Midfielder,Right Advanced Half-Space,Right Goal-Threat Number 8,Right Half-Space,Advanced Middle Third,Mobile,86.35,5,268,64.5444,32.3011,8.3246,5.6812,10.0785,0.0,0.3657,0.6343,0.0,0.8022,0.1978,0.0,0.0,0.0,0.8022,0.0903,1.0,"Statistical archetype: Goal-Threat Midfielder | Spatial profile: Right Advanced Half-Space | Mean position: X=64.5, Y=32.3 | Wide=0.00, Half-space=0.80, Central=0.20 | Spatial spread=10.08"
1091116,Arda Güler,Türkiye,M,21.4,270.0,7.6,87000000.0,EUR,3,Goal-Threat Midfielder,Right Advanced Half-Space,Right Goal-Threat Number 8,Right Half-Space,Advanced Middle Third,Highly Fixed,73.29,3,300,64.2403,37.8007,3.0761,1.7908,3.5594,0.0,0.6133,0.3867,0.0,1.0,0.0,0.0,0.0,0.0,1.0,0.2193,0.86,"Statistical archetype: Goal-Threat Midfielder | Spatial profile: Right Advanced Half-Space | Mean position: X=64.2, Y=37.8 | Wide=0.00, Half-space=1.00, Central=0.00 | Spatial spread=3.56"
971037,Amad Diallo,Côte d'Ivoire,M,24.0,184.0,7.383152173913044,44000000.0,EUR,3,Goal-Threat Midfielder,Right Half-Space,Right Goal-Threat Number 8,Right Half-Space,Advanced Middle Third,Free-Roaming,63.77,4,149,59.6148,29.3141,5.9564,12.0278,13.4219,0.0,0.8121,0.1879,0.2886,0.5235,0.1879,0.0,0.0,0.2886,0.5235,0.0693,0.7559,"Statistical archetype: Goal-Threat Midfielder | Spatial profile: Right Half-Space | Mean position: X=59.6, Y=29.3 | Wide=0.29, Half-space=0.52, Central=0.19 | Spatial spread=13.42"
1179164,Thapelo Maseko,South Africa,M,23.7,245.0,6.9746938775510205,730000.0,EUR,3,Goal-Threat Midfielder,Right Wide Midfield Zone,Right Goal-Threat Number 8,Right Half-Space,Advanced Middle Third,Mobile,57.68,3,151,57.1371,21.9967,8.4554,2.0661,8.7042,0.0,1.0,0.0,0.0,1.0,0.0,0.0,0.0,0.0,1.0,0.103,0.7016,"Statistical archetype: Goal-Threat Midfielder | Spatial profile: Right Wide Midfield Zone | Mean position: X=57.1, Y=22.0 | Wide=0.00, Half-space=1.00, Central=0.00 | Spatial spread=8.70"
825845,Tahith Chong,Curaçao,M,26.6,249.0,6.622088353413655,3400000.0,EUR,3,Goal-Threat Midfielder,Right Half-Space,Right Goal-Threat Number 8,Right Half-Space,Advanced Middle Third,Mobile,57.31,3,148,52.9331,32.2514,4.0368,7.397,8.4269,0.0,1.0,0.0,0.0,0.6892,0.3108,0.0,0.0,0.0,0.6892,0.1061,0.6968,"Statistical archetype: Goal-Threat Midfielder | Spatial profile: Right Half-Space | Mean position: X=52.9, Y=32.3 | Wide=0.00, Half-space=0.69, Central=0.31 | Spatial spread=8.43"
822743,Sarpreet Singh,New Zealand,M,27.4,210.0,6.1571428571428575,485000.0,EUR,3,Goal-Threat Midfielder,Right Half-Space,Right Goal-Threat Number 8,Right Half-Space,Advanced Middle Third,Positionally Stable,57.2,3,144,55.9062,39.4326,3.57,5.2588,6.3561,0.0,1.0,0.0,0.0,0.6944,0.3056,0.0,0.0,0.0,0.6944,0.1359,0.6904,"Statistical archetype: Goal-Threat Midfielder | Spatial profile: Right Half-Space | Mean position: X=55.9, Y=39.4 | Wide=0.00, Half-space=0.69, Central=0.31 | Spatial spread=6.36"
1402912,Lamine Yamal,Spain,M,19.0,615.0,7.14910569105691,215000000.0,EUR,3,Goal-Threat Midfielder,Right Advanced Wide Zone,Right Goal-Threat Wide Midfielder,Right Half-Space,Final Third,Positionally Stable,87.19,8,544,69.6119,20.0119,5.0758,2.9181,5.8548,0.0,0.3511,0.6489,0.6066,0.3934,0.0,0.0,0.0,0.6066,0.3934,0.1459,1.0,"Statistical archetype: Goal-Threat Midfielder | Spatial profile: Right Advanced Wide Zone | Mean position: X=69.6, Y=20.0 | Wide=0.61, Half-space=0.39, Central=0.00 | Spatial spread=5.85"
293519,Leroy Sané,Germany,M,30.5,328.0,6.611585365853658,22000000.0,EUR,3,Goal-Threat Midfielder,Right Advanced Wide Zone,Right Goal-Threat Wide Midfielder,Right Wide,Final Third,Positionally Stable,79.61,4,286,66.0804,19.3112,4.6547,3.9651,6.1146,0.0,0.6923,0.3077,0.479,0.521,0.0,0.0,0.0,0.479,0.521,0.1406,0.93,"Statistical archetype: Goal-Threat Midfielder | Spatial profile: Right Advanced Wide Zone | Mean position: X=66.1, Y=19.3 | Wide=0.48, Half-space=0.52, Central=0.00 | Spatial spread=6.11"
783278,Junya Ito,Japan,M,33.4,215.0,6.833953488372094,3100000.0,EUR,3,Goal-Threat Midfielder,Right Wide Midfield Zone,Right Goal-Threat Wide Midfielder,Right Half-Space,Advanced Middle Third,Mobile,65.83,4,165,61.7127,20.3067,9.1883,4.7162,10.328,0.0,0.7636,0.2364,0.6606,0.3394,0.0,0.0,0.0,0.6606,0.3394,0.0883,0.7721,"Statistical archetype: Goal-Threat Midfielder | Spatial profile: Right Wide Midfield Zone | Mean position: X=61.7, Y=20.3 | Wide=0.66, Half-space=0.34, Central=0.00 | Spatial spread=10.33"
547410,Martin Ødegaard,Norway,M,27.6,471.0,6.926114649681528,71000000.0,EUR,0,Wide Creator,Right Half-Space,Right Half-Space Creator,Right Half-Space,Advanced Middle Third,Highly Fixed,88.74,5,484,57.195,33.9388,2.419,1.7997,3.015,0.0,1.0,0.0,0.0,1.0,0.0,0.0,0.0,0.0,1.0,0.2491,1.0,"Statistical archetype: Wide Creator | Spatial profile: Right Half-Space | Mean position: X=57.2, Y=33.9 | Wide=0.00, Half-space=1.00, Central=0.00 | Spatial spread=3.02"
249399,Rodrigo De Paul,Argentina,M,32.2,495.0,6.985454545454546,14500000.0,EUR,0,Wide Creator,Right Half-Space,Right Half-Space Creator,Right Half-Space,Advanced Middle Third,Positionally Stable,87.31,7,439,51.4538,23.2777,5.1422,1.9614,5.5035,0.0,1.0,0.0,0.1435,0.8565,0.0,0.0,0.0,0.1435,0.8565,0.1538,1.0,"Statistical archetype: Wide Creator | Spatial profile: Right Half-Space | Mean position: X=51.5, Y=23.3 | Wide=0.14, Half-space=0.86, Central=0.00 | Spatial spread=5.50"
835485,Brahim Díaz,Morocco,M,27.0,462.0,6.851298701298702,37000000.0,EUR,0,Wide Creator,Right Half-Space,Right Half-Space Creator,Right Half-Space,Advanced Middle Third,Positionally Stable,86.96,6,294,57.381,23.9629,4.7859,4.6384,6.6648,0.0,1.0,0.0,0.1429,0.8571,0.0,0.0,0.0,0.1429,0.8571,0.1305,1.0,"Statistical archetype: Wide Creator | Spatial profile: Right Half-Space | Mean position: X=57.4, Y=24.0 | Wide=0.14, Half-space=0.86, Central=0.00 | Spatial spread=6.66"
259117,Joshua Kimmich,Germany,M,31.4,353.0,7.624079320113315,38000000.0,EUR,0,Wide Creator,Right Half-Space,Right Half-Space Creator,Right Half-Space,Advanced Middle Third,Mobile,79.15,4,477,52.6597,29.7688,5.7489,5.6549,8.064,0.0,1.0,0.0,0.0,1.0,0.0,0.0,0.0,0.0,1.0,0.1103,0.93,"Statistical archetype: Wide Creator | Spatial profile: Right Half-Space | Mean position: X=52.7, Y=29.8 | Wide=0.00, Half-space=1.00, Central=0.00 | Spatial spread=8.06"
907463,Felix Nmecha,Germany,M,25.8,272.0,7.176838235294118,48000000.0,EUR,0,Wide Creator,Right Half-Space,Right Half-Space Creator,Right Half-Space,Advanced Middle Third,Mobile,78.18,4,243,56.8412,38.044,5.9938,5.3114,8.0085,0.0,1.0,0.0,0.0,0.2922,0.7078,0.0,0.0,0.0,0.2922,0.111,0.9188,"Statistical archetype: Wide Creator | Spatial profile: Right Half-Space | Mean position: X=56.8, Y=38.0 | Wide=0.00, Half-space=0.29, Central=0.71 | Spatial spread=8.01"
948261,Morgan Rogers,England,M,24.0,349.0,6.670200573065903,86000000.0,EUR,0,Wide Creator,Right Half-Space,Right Half-Space Creator,Right Half-Space,Advanced Middle Third,Free-Roaming,75.93,6,205,57.2054,38.5488,10.5079,13.6943,17.2612,0.0,0.7805,0.2195,0.0,0.4976,0.3756,0.1268,0.0,0.0,0.6244,0.0548,0.8561,"Statistical archetype: Wide Creator | Spatial profile: Right Half-Space | Mean position: X=57.2, Y=38.5 | Wide=0.00, Half-space=0.62, Central=0.38 | Spatial spread=17.26"
158213,Riyad Mahrez,Algeria,M,35.4,263.0,7.513688212927757,5200000.0,EUR,0,Wide Creator,Right Advanced Half-Space,Right Half-Space Creator,Right Half-Space,Advanced Middle Third,Mobile,75.84,4,225,62.3311,23.2791,6.2407,3.4776,7.1442,0.0,0.7067,0.2933,0.0,1.0,0.0,0.0,0.0,0.0,1.0,0.1228,0.89,"Statistical archetype: Wide Creator | Spatial profile: Right Advanced Half-Space | Mean position: X=62.3, Y=23.3 | Wide=0.00, Half-space=1.00, Central=0.00 | Spatial spread=7.14"
1091303,Petar Sučić,Croatia,M,22.7,288.0,7.231249999999999,44000000.0,EUR,0,Wide Creator,Right Half-Space,Right Half-Space Creator,Right Half-Space,Advanced Middle Third,Free-Roaming,72.97,4,209,50.9699,38.4608,2.9155,11.0017,11.3815,0.0,1.0,0.0,0.0,0.8756,0.0,0.1244,0.0,0.0,1.0,0.0808,0.8644,"Statistical archetype: Wide Creator | Spatial profile: Right Half-Space | Mean position: X=51.0, Y=38.5 | Wide=0.00, Half-space=1.00, Central=0.00 | Spatial spread=11.38"
917087,Kang-in Lee,South Korea,M,25.4,270.0,7.266666666666667,30000000.0,EUR,0,Wide Creator,Right Half-Space,Right Half-Space Creator,Right Half-Space,Advanced Middle Third,Mobile,70.4,3,243,58.779,35.2535,3.7584,9.136,9.8789,0.0,1.0,0.0,0.0,0.679,0.321,0.0,0.0,0.0,0.679,0.0919,0.8488,"Statistical archetype: Wide Creator | Spatial profile: Right Half-Space | Mean position: X=58.8, Y=35.3 | Wide=0.00, Half-space=0.68, Central=0.32 | Spatial spread=9.88"
917005,Crysencio Summerville,Netherlands,M,24.7,253.0,7.391304347826087,38000000.0,EUR,0,Wide Creator,Right Advanced Half-Space,Right Half-Space Creator,Right Half-Space,Advanced Middle Third,Mobile,63.11,4,145,63.06,23.1214,5.4768,4.424,7.0404,0.0,0.5586,0.4414,0.131,0.869,0.0,0.0,0.0,0.131,0.869,0.1244,0.7308,"Statistical archetype: Wide Creator | Spatial profile: Right Advanced Half-Space | Mean position: X=63.1, Y=23.1 | Wide=0.13, Half-space=0.87, Central=0.00 | Spatial spread=7.04"
1065216,Oscar Bobb,Norway,M,23.0,233.0,7.032188841201717,27000000.0,EUR,0,Wide Creator,Right Advanced Wide Zone,Right Touchline Creator,Right Half-Space,Advanced Middle Third,Positionally Stable,76.96,5,181,64.8873,20.595,4.4341,5.0701,6.7355,0.0,0.7845,0.2155,0.2762,0.7238,0.0,0.0,0.0,0.2762,0.7238,0.1293,0.8833,"Statistical archetype: Wide Creator | Spatial profile: Right Advanced Wide Zone | Mean position: X=64.9, Y=20.6 | Wide=0.28, Half-space=0.72, Central=0.00 | Spatial spread=6.74"
800951,Julian Ryerson,Norway,M,28.7,226.0,6.833628318584071,24000000.0,EUR,0,Wide Creator,Right Wide Midfield Zone,Right Touchline Creator,Right Wide,Advanced Middle Third,Mobile,75.63,4,225,52.8284,16.7889,7.3246,3.7227,8.2163,0.0,1.0,0.0,0.5911,0.4089,0.0,0.0,0.0,0.5911,0.4089,0.1085,0.89,"Statistical archetype: Wide Creator | Spatial profile: Right Wide Midfield Zone | Mean position: X=52.8, Y=16.8 | Wide=0.59, Half-space=0.41, Central=0.00 | Spatial spread=8.22"
1464966,Rayan,Brazil,M,20.0,289.0,7.265051903114187,58000000.0,EUR,0,Wide Creator,Right Wide Midfield Zone,Right Touchline Creator,Right Wide,Advanced Middle Third,Mobile,70.18,4,185,61.8373,18.4951,6.9116,2.7123,7.4247,0.0,0.6649,0.3351,0.5297,0.4703,0.0,0.0,0.0,0.5297,0.4703,0.1187,0.826,"Statistical archetype: Wide Creator | Spatial profile: Right Wide Midfield Zone | Mean position: X=61.8, Y=18.5 | Wide=0.53, Half-space=0.47, Central=0.00 | Spatial spread=7.42"
786133,Ramin Rezaeian,Iran,M,36.3,270.0,7.566666666666666,230000.0,EUR,0,Wide Creator,Right Wide Midfield Zone,Right Touchline Creator,Right Wide,Deeper Half,Highly Fixed,63.05,3,175,47.4617,19.8463,2.1335,2.4166,3.2236,0.0,1.0,0.0,0.4571,0.5429,0.0,0.0,0.0,0.4571,0.5429,0.2368,0.74,"Statistical archetype: Wide Creator | Spatial profile: Right Wide Midfield Zone | Mean position: X=47.5, Y=19.8 | Wide=0.46, Half-space=0.54, Central=0.00 | Spatial spread=3.22"
